,dapA_1_98_B_MM14,dapA_1_98_B_MM3,dapA_1_98_B_MM7,dapA_1_98_B_MM9,dapA_1_98_C,dapA_1_98_W_MM1,dapA_3_214_B_MM14,dapA_3_214_B_MM6,dapA_3_214_B_MM9,dapA_3_214_C,dapA_3_214_W_MM1,dapB_1_18_B_MM11,dapB_1_18_B_MM13,dapB_1_18_B_MM14,dapB_1_18_B_MM5,dapB_1_18_C,dapB_3_239_B_MM14,dapB_3_239_B_MM9,dapB_3_239_C,dapB_3_239_W_MM1,fake_negC_rand_18,fake_negC_rand_28,fake_negC_rand_31,fake_negC_rand_42,fake_negC_rand_43,folA_1_56_B_MM10,folA_1_56_B_MM11,folA_1_56_B_MM14,folA_1_56_B_MM2,folA_1_56_B_MM3,folA_1_56_B_MM6,folA_1_56_B_MM9,folA_1_56_C,folA_3_242_B_MM3,folA_3_242_C,gdhA_1_42_B_MM10,gdhA_1_42_B_MM14,gdhA_1_42_B_MM4,gdhA_1_42_B_MM6,gdhA_1_42_B_MM8,gdhA_1_42_C,gdhA_3_216_B_MM10,gdhA_3_216_B_MM14,gdhA_3_216_B_MM4,gdhA_3_216_B_MM6,gdhA_3_216_B_MM8,gdhA_3_216_C,gltB_1_17_B_MM10,gltB_1_17_B_MM14,gltB_1_17_B_MM4,gltB_1_17_B_MM6,gltB_1_17_B_MM8,gltB_1_17_C,gltB_3_284_B_MM10,gltB_3_284_B_MM14,gltB_3_284_B_MM4,gltB_3_284_B_MM6,gltB_3_284_B_MM8,gltB_3_284_C,glyA_1_26_B_MM11,glyA_1_26_B_MM12,glyA_1_26_B_MM4,glyA_1_26_B_MM8,glyA_1_26_B_MM9,glyA_1_26_C,glyA_3_279_B_MM14,glyA_3_279_B_MM3,glyA_3_279_B_MM6,glyA_3_279_C,negC_rand_42,purL_1_25_B_MM14,purL_1_25_B_MM3,purL_1_25_B_MM8,purL_1_25_B_MM9,purL_1_25_C,purL_3_201_B_MM11,purL_3_201_B_MM14,purL_3_201_B_MM5,purL_3_201_B_MM9,purL_3_201_C,purL_3_201_W_MM1,purN_1_86_B_MM12,purN_1_86_B_MM2,purN_1_86_B_MM4,purN_1_86_C,purN_3_238_B_MM10,purN_3_238_B_MM11,purN_3_238_B_MM14,purN_3_238_B_MM4,purN_3_238_B_MM5,purN_3_238_C,purN_3_238_W_MM1,thyA_1_60_B_MM12,thyA_1_60_B_MM13,thyA_1_60_B_MM2,thyA_1_60_C,thyA_3_233_B_MM4,thyA_3_233_B_MM5,thyA_3_233_B_MM6,thyA_3_233_B_MM7,thyA_3_233_C
dapA_1_98_B_MM14,6591.0,420.0,1641.0,1559.0,123.0,583.0,1934.0,1035.0,871.0,435.0,156.0,470.0,612.0,1223.0,285.0,271.0,627.0,143.0,302.0,125.0,1885.0,3644.0,388.0,1445.0,1199.0,3717.0,5587.0,4664.0,2.0,21.0,7.0,32.0,53.0,960.0,83.0,644.0,5.0,1258.0,235.0,1006.0,690.0,486.0,1117.0,869.0,1131.0,37.0,395.0,520.0,504.0,1011.0,419.0,102.0,863.0,6656.0,1573.0,1456.0,753.0,1787.0,672.0,791.0,952.0,128.0,27.0,57.0,1.0,2501.0,267.0,2341.0,269.0,1071.0,1376.0,21.0,181.0,216.0,3.0,847.0,1062.0,1735.0,398.0,51.0,28.0,1636.0,5.0,42.0,5.0,1869.0,2015.0,3016.0,314.0,850.0,292.0,332.0,954.0,1955.0,19.0,18.0,236.0,632.0,3326.0,1011.0,84.0
dapA_1_98_B_MM3,515.0,2730.0,1810.0,1969.0,345.0,236.0,1365.0,219.0,364.0,1213.0,399.0,451.0,1011.0,638.0,844.0,319.0,286.0,479.0,1010.0,819.0,490.0,1532.0,223.0,442.0,957.0,2312.0,911.0,1995.0,28.0,118.0,55.0,109.0,10.0,704.0,188.0,90.0,26.0,407.0,59.0,109.0,249.0,222.0,380.0,367.0,348.0,126.0,400.0,252.0,176.0,398.0,581.0,105.0,163.0,845.0,609.0,606.0,444.0,385.0,211.0,424.0,237.0,100.0,24.0,132.0,98.0,1400.0,343.0,1059.0,484.0,296.0,1342.0,50.0,310.0,792.0,3.0,469.0,629.0,1537.0,356.0,20.0,76.0,618.0,68.0,143.0,34.0,1258.0,1402.0,1933.0,918.0,1147.0,383.0,332.0,347.0,415.0,48.0,12.0,354.0,392.0,1373.0,573.0,89.0
dapA_1_98_B_MM7,1030.0,1808.0,4473.0,2531.0,347.0,386.0,1761.0,450.0,823.0,717.0,589.0,667.0,918.0,1568.0,875.0,147.0,1580.0,472.0,389.0,653.0,1190.0,2260.0,130.0,427.0,883.0,4076.0,2245.0,3409.0,34.0,67.0,44.0,100.0,1.0,777.0,190.0,398.0,55.0,652.0,637.0,531.0,640.0,302.0,429.0,585.0,542.0,127.0,443.0,729.0,466.0,274.0,449.0,168.0,508.0,1281.0,1425.0,1288.0,1601.0,1227.0,353.0,832.0,567.0,110.0,51.0,53.0,31.0,3566.0,781.0,2236.0,393.0,1497.0,764.0,285.0,243.0,652.0,46.0,996.0,766.0,1358.0,595.0,21.0,2.0,521.0,12.0,113.0,61.0,1726.0,2047.0,2261.0,842.0,897.0,471.0,817.0,807.0,664.0,67.0,31.0,409.0,583.0,2715.0,1186.0,117.0
dapA_1_98_B_MM9,2213.0,845.0,2174.0,4946.0,227.0,660.0,2265.0,487.0,627.0,512.0,93.0,632.0,1016.0,1078.0,420.0,453.0,917.0,523.0,447.0,292.0,1041.0,3584.0,573.0,547.0,1627.0,4459.0,3340.0,6889.0,38.0,3.0,467.0,43.0,28.0,1523.0,283.0,458.0,15.0,1092.0,521.0,1223.0,1634.0,567.0,1331.0,1014.0,1050.0,78.0,445.0,655.0,301.0,692.0,140.0,74.0,565.0,1996.0,1208.0,1682.0,650.0,986.0,711.0,764.0,987.0,279.0,103.0,40.0,27.0,3949.0,521.0,2453.0,440.0,1469.0,2491.0,115.0,234.0,353.0,13.0,1024.0,965.0,1458.0,466.0,100.0,6.0,1665.0,71.0,47.0,303.0,1749.0,2541.0,2515.0,621.0,1574.0,306.0,158.0,1241.0,890.0,105.0,24.0,436.0,623.0,2905.0,2144.0,171.0
dapA_1_98_C,108.0,263.0,501.0,679.0,892.0,393.0,239.0,207.0,330.0,412.0,133.0,499.0,428.0,209.0,472.0,465.0,16.0,340.0,113.0,232.0,230.0,170.0,13.0,133.0,171.0,1179.0,378.0,466.0,42.0,2.0,32.0,611.0,8.0,185.0,134.0,111.0,5.0,124.0,41.0,71.0,28.0,202.0,53.0,159.0,76.0,87.0,74.0,102.0,186.0,200.0,76.0,30.0,89.0,333.0,345.0,299.0,230.0,319.0,229.0,287.0,504.0,35.0,21.0,45.0,49.0,360.0,111.0,297.0,99.0,309.0,106.0,4.0,155.0,522.0,27.0,412.0,117.0,354.0,207.0,21.0,30.0,262.0,69.0,63.0,143.0,460.0,238.0,283.0,242.0,562.0,425.0,129.0,336.0,99.0,65.0,0.0,349.0,184.0,623.0,692.0,62.0
dapA_1_98_W_MM1,311.0,651.0,734.0,450.0,348.0,1747.0,374.0,542.0,283.0,523.0,369.0,595.0,747.0,601.0,796.0,798.0,188.0,162.0,212.0,535.0,347.0,483.0,105.0,144.0,686.0,1103.0,912.0,955.0,29.0,3.0,54.0,15.0,10.0,622.0,160.0,81.0,123.0,250.0,153.0,290.0,323.0,130.0,123.0,1489.0,175.0,146.0,119.0,198.0,114.0,154.0,189.0,303.0,217.0,536.0,261.0,331.0,229.0,502.0,242.0,327.0,559.0,346.0,126.0,65.0,113.0,827.0,402.0,787.0,319.0,135.0,380.0,46.0,326.0,990.0,42.0,178.0,151.0,660.0,149.0,60.0,27.0,347.0,33.0,134.0,127.0,607.0,836.0,382.0,271.0,299.0,444.0,393.0,402.0,224.0,120.0,17.0,192.0,499.0,563.0,487.0,254.0
dapA_3_214_B_MM14,2278.0,932.0,779.0,1444.0,370.0,502.0,10688.0,843.0,706.0,881.0,218.0,761.0,1139.0,1775.0,497.0,469.0,1333.0,163.0,322.0,306.0,1896.0,4841.0,998.0,856.0,2289.0,7734.0,6080.0,8929.0,49.0,25.0,57.0,51.0,2.0,1665.0,194.0,688.0,5.0,1419.0,634.0,1814.0,2116.0,1786.0,3053.0,1998.0,795.0,265.0,1291.0,1061.0,1031.0,1287.0,297.0,191.0,985.0,2122.0,4203.0,1745.0,1721.0,997.0,1275.0,1696.0,1362.0,58.0,112.0,157.0,67.0,4101.0,487.0,2376.0,258.0,1807.0,2232.0,42.0,315.0,427.0,2.0,1202.0,1600.0,2254.0,676.0,93.0,18.0,3304.0,37.0,64.0,125.0,3904.0,3170.0,6627.0,725.0,1796.0,600.0,409.0,1995.0,2432.0,98.0,13.0,383.0,1778.0,8738.0,5167.0,71.0
dapA_3_214_B_MM6,473.0,649.0,417.0,348.0,214.0,842.0,1102.0,3514.0,1363.0,1345.0,503.0,1274.0,1453.0,1848.0,543.0,455.0,584.0,436.0,462.0,531.0,473.0,1359.0,330.0,297.0,1072.0,2109.0,1603.0,1804.0,11.0,16.0,12.0,86.0,14.0,472.0,311.0,176.0,13.0,265.0,88.0,238.0,281.0,228.0,396.0,425.0,313.0,86.0,282.0,395.0,294.0,299.0,241.0,136.0,301.0,1803.0,776.0,391.0,600.0,476.0,320.0,733.0,915.0,225.0,99.0,75.0,172.0,1496.0,761.0,730.0,459.0,355.0,1130.0,53.0,214.0,892.0,4.0,745.0,765.0,1627.0,288.0,144.0,22.0,311.0,95.0,144.0,32.0,1018.0,2159.0,1697.0,385.0,1606.0,432.0,460.0,715.0,645.0,35.0,7.0,230.0,365.0,1140.0,926.0,160.0
dapA_3_214_B_MM9,280.0,353.0,536.0,243.0,414.0,583.0,660.0,746.0,2450.0,1165.0,379.0,536.0,1024.0,317.0,380.0,185.0,138.0,379.0,333.0,442.0,412.0,422.0,47.0,149.0,770.0,2545.0,1100.0,1700.0,11.0,0.0,6.0,20.0,34.0,363.0,336.0,12.0,0.0,107.0,59.0,30.0,68.0,275.0,209.0,818.0,68.0,261.0,233.0,215.0,134.0,483.0,230.0,71.0,552.0,564.0,397.0,414.0,459.0,377.0,208.0,738.0,821.0,119.0,48.0,22.0,39.0,870.0,310.0,453.0,64.0,397.0,408.0,17.0,198.0,559.0,0.0,550.0,278.0,688.0,330.0,47.0,2.0,286.0,50.0,58.0,85.0,1561.0,1592.0,1257.0,295.0,1115.0,191.0,327.0,550.0,345.0,41.0,1.0,239.0,277.0,655.0,1107.0,49.0
dapA_3_214_C,1025.0,347.0,777.0,383.0,271.0,552.0,1072.0,1387.0,1361.0,2297.0,399.0,1153.0,1065.0,1129.0,755.0,280.0,259.0,462.0,470.0,861.0,829.0,682.0,84.0,232.0,993.0,2024.0,1311.0,1322.0,13.0,11.0,23.0,20.0,34.0,796.0,442.0,69.0,61.0,117.0,186.0,52.0,441.0,228.0,296.0,458.0,469.0,182.0,225.0,402.0,483.0,224.0,310.0,107.0,233.0,768.0,667.0,751.0,426.0,644.0,411.0,385.0,498.0,630.0,68.0,92.0,32.0,1002.0,480.0,710.0,308.0,221.0,798.0,114.0,576.0,1443.0,9.0,325.0,686.0,768.0,248.0,84.0,41.0,285.0,153.0,335.0,84.0,1535.0,1333.0,1419.0,402.0,1212.0,487.0,676.0,783.0,406.0,43.0,57.0,260.0,738.0,745.0,716.0,108.0
dapA_3_214_W_MM1,246.0,121.0,409.0,147.0,116.0,69.0,451.0,611.0,358.0,786.0,713.0,450.0,773.0,493.0,255.0,378.0,161.0,211.0,307.0,431.0,397.0,296.0,99.0,56.0,277.0,1438.0,592.0,916.0,2.0,9.0,3.0,38.0,43.0,228.0,150.0,206.0,49.0,61.0,81.0,61.0,111.0,106.0,74.0,226.0,60.0,99.0,218.0,115.0,79.0,102.0,133.0,42.0,156.0,393.0,295.0,334.0,319.0,289.0,150.0,205.0,308.0,83.0,1.0,96.0,14.0,303.0,77.0,781.0,236.0,213.0,382.0,35.0,273.0,685.0,5.0,292.0,91.0,663.0,64.0,113.0,56.0,272.0,97.0,171.0,72.0,436.0,249.0,960.0,588.0,735.0,266.0,217.0,457.0,227.0,130.0,7.0,178.0,64.0,434.0,386.0,29.0
dapB_1_18_B_MM11,372.0,345.0,426.0,495.0,137.0,136.0,712.0,331.0,301.0,681.0,185.0,1099.0,176.0,448.0,50.0,46.0,156.0,51.0,116.0,152.0,692.0,626.0,169.0,290.0,345.0,1892.0,1445.0,1828.0,18.0,21.0,6.0,36.0,21.0,393.0,31.0,135.0,14.0,197.0,33.0,95.0,164.0,184.0,282.0,339.0,228.0,57.0,181.0,118.0,164.0,227.0,258.0,114.0,136.0,1245.0,940.0,1438.0,510.0,618.0,157.0,320.0,157.0,17.0,25.0,40.0,1.0,1149.0,116.0,526.0,211.0,214.0,129.0,24.0,58.0,134.0,0.0,259.0,428.0,610.0,190.0,51.0,21.0,351.0,25.0,70.0,8.0,710.0,640.0,1512.0,376.0,334.0,159.0,326.0,1253.0,541.0,34.0,18.0,132.0,828.0,977.0,506.0,61.0
dapB_1_18_B_MM13,1535.0,435.0,916.0,817.0,138.0,425.0,2140.0,585.0,412.0,315.0,599.0,266.0,1966.0,232.0,160.0,19.0,215.0,105.0,110.0,299.0,1658.0,1900.0,278.0,548.0,651.0,1817.0,1988.0,3713.0,21.0,43.0,0.0,6.0,80.0,479.0,155.0,272.0,37.0,120.0,109.0,141.0,192.0,204.0,794.0,438.0,626.0,36.0,404.0,262.0,358.0,581.0,333.0,105.0,293.0,2098.0,1368.0,1287.0,1166.0,870.0,657.0,568.0,216.0,52.0,37.0,0.0,0.0,2066.0,287.0,1123.0,200.0,606.0,906.0,2.0,108.0,233.0,11.0,808.0,325.0,570.0,510.0,75.0,62.0,563.0,32.0,49.0,68.0,638.0,1990.0,2086.0,646.0,913.0,243.0,312.0,1187.0,1073.0,194.0,13.0,262.0,932.0,2282.0,885.0,104.0
dapB_1_18_B_MM14,598.0,207.0,664.0,850.0,27.0,137.0,1686.0,297.0,429.0,610.0,130.0,317.0,351.0,2677.0,97.0,102.0,200.0,44.0,59.0,126.0,1125.0,1933.0,261.0,417.0,523.0,2101.0,2591.0,3982.0,5.0,1.0,28.0,30.0,9.0,438.0,44.0,92.0,11.0,199.0,113.0,200.0,352.0,173.0,630.0,269.0,466.0,28.0,251.0,477.0,227.0,149.0,147.0,104.0,204.0,1798.0,730.0,975.0,736.0,717.0,401.0,578.0,263.0,4.0,19.0,0.0,1.0,1427.0,180.0,918.0,172.0,545.0,983.0,23.0,46.0,157.0,15.0,461.0,587.0,685.0,179.0,24.0,6.0,324.0,37.0,19.0,3.0,719.0,1157.0,3477.0,218.0,893.0,120.0,121.0,720.0,1062.0,6.0,3.0,140.0,845.0,2971.0,2515.0,67.0
dapB_1_18_B_MM5,26.0,6.0,74.0,54.0,61.0,61.0,39.0,48.0,26.0,49.0,51.0,8.0,41.0,26.0,538.0,4.0,32.0,0.0,1.0,35.0,17.0,39.0,28.0,27.0,82.0,185.0,15.0,192.0,0.0,0.0,0.0,0.0,19.0,40.0,34.0,15.0,0.0,9.0,4.0,2.0,17.0,19.0,68.0,8.0,3.0,1.0,0.0,6.0,12.0,126.0,0.0,26.0,41.0,32.0,12.0,113.0,42.0,51.0,37.0,0.0,11.0,0.0,0.0,15.0,0.0,98.0,24.0,32.0,48.0,7.0,66.0,2.0,7.0,80.0,0.0,7.0,26.0,34.0,19.0,0.0,12.0,10.0,19.0,0.0,6.0,68.0,73.0,99.0,62.0,234.0,87.0,101.0,117.0,10.0,0.0,1.0,16.0,164.0,63.0,12.0,7.0
dapB_1_18_C,16.0,83.0,10.0,44.0,0.0,9.0,23.0,23.0,0.0,24.0,6.0,50.0,4.0,23.0,73.0,109.0,1.0,0.0,9.0,2.0,39.0,1.0,1.0,0.0,1.0,228.0,99.0,41.0,0.0,0.0,3.0,0.0,0.0,28.0,13.0,0.0,4.0,25.0,0.0,3.0,0.0,0.0,0.0,21.0,0.0,0.0,2.0,15.0,2.0,6.0,1.0,0.0,2.0,63.0,37.0,1.0,20.0,4.0,0.0,1.0,0.0,0.0,0.0,0.0,0.0,50.0,19.0,0.0,9.0,1.0,12.0,20.0,0.0,7.0,0.0,3.0,3.0,1.0,1.0,0.0,0.0,0.0,0.0,0.0,0.0,28.0,1.0,27.0,44.0,47.0,7.0,7.0,9.0,7.0,2.0,0.0,34.0,16.0,9.0,1.0,0.0
dapB_3_239_B_MM14,1071.0,474.0,513.0,972.0,114.0,184.0,2429.0,370.0,473.0,259.0,80.0,307.0,1004.0,436.0,445.0,352.0,2760.0,197.0,52.0,82.0,1198.0,2321.0,257.0,126.0,464.0,2267.0,2055.0,2686.0,0.0,8.0,44.0,27.0,0.0,724.0,23.0,480.0,64.0,517.0,155.0,449.0,817.0,193.0,644.0,288.0,527.0,59.0,187.0,129.0,406.0,291.0,93.0,87.0,375.0,1329.0,959.0,716.0,686.0,944.0,340.0,795.0,296.0,50.0,11.0,34.0,4.0,2600.0,327.0,1017.0,286.0,623.0,920.0,26.0,78.0,285.0,5.0,341.0,512.0,760.0,115.0,20.0,1.0,624.0,49.0,29.0,3.0,842.0,1003.0,2670.0,124.0,415.0,145.0,123.0,626.0,989.0,37.0,23.0,286.0,327.0,1768.0,1190.0,860.0
dapB_3_239_B_MM9,304.0,664.0,404.0,458.0,90.0,255.0,289.0,632.0,835.0,428.0,247.0,241.0,446.0,185.0,114.0,259.0,71.0,441.0,214.0,81.0,198.0,172.0,85.0,135.0,259.0,449.0,207.0,512.0,36.0,4.0,17.0,14.0,0.0,154.0,149.0,36.0,5.0,118.0,49.0,4.0,36.0,7.0,103.0,299.0,95.0,54.0,44.0,84.0,90.0,92.0,98.0,25.0,181.0,195.0,168.0,166.0,145.0,84.0,68.0,112.0,201.0,122.0,56.0,8.0,3.0,187.0,79.0,364.0,151.0,92.0,422.0,24.0,320.0,166.0,0.0,386.0,232.0,175.0,183.0,19.0,35.0,95.0,11.0,60.0,99.0,291.0,217.0,130.0,131.0,372.0,215.0,60.0,545.0,350.0,47.0,14.0,356.0,249.0,347.0,389.0,285.0
dapB_3_239_C,170.0,408.0,391.0,186.0,387.0,394.0,533.0,770.0,759.0,534.0,271.0,604.0,404.0,421.0,765.0,291.0,177.0,368.0,1110.0,93.0,94.0,258.0,43.0,72.0,456.0,458.0,223.0,590.0,0.0,0.0,59.0,13.0,4.0,94.0,135.0,64.0,56.0,118.0,199.0,100.0,66.0,210.0,242.0,286.0,56.0,193.0,110.0,327.0,128.0,101.0,147.0,60.0,225.0,253.0,246.0,119.0,319.0,146.0,228.0,179.0,235.0,61.0,23.0,131.0,70.0,455.0,212.0,135.0,162.0,37.0,632.0,62.0,314.0,512.0,77.0,170.0,104.0,318.0,186.0,49.0,110.0,257.0,71.0,98.0,37.0,564.0,733.0,557.0,150.0,512.0,318.0,181.0,562.0,260.0,6.0,1.0,138.0,257.0,686.0,179.0,84.0
dapB_3_239_W_MM1,286.0,1198.0,547.0,196.0,261.0,306.0,490.0,767.0,679.0,498.0,640.0,343.0,563.0,359.0,549.0,130.0,278.0,240.0,456.0,981.0,267.0,227.0,79.0,128.0,395.0,288.0,381.0,449.0,45.0,53.0,42.0,75.0,0.0,339.0,86.0,239.0,20.0,121.0,30.0,57.0,211.0,255.0,140.0,187.0,152.0,93.0,103.0,169.0,79.0,109.0,113.0,146.0,138.0,215.0,181.0,324.0,449.0,287.0,86.0,81.0,227.0,125.0,70.0,13.0,23.0,210.0,91.0,501.0,108.0,61.0,425.0,12.0,364.0,408.0,41.0,50.0,218.0,459.0,42.0,36.0,8.0,356.0,95.0,26.0,229.0,800.0,768.0,697.0,418.0,539.0,393.0,198.0,589.0,246.0,79.0,48.0,138.0,165.0,660.0,581.0,555.0
fake_negC_rand_18,1856.0,511.0,1345.0,1432.0,210.0,376.0,3280.0,201.0,646.0,485.0,572.0,1446.0,1176.0,1175.0,856.0,430.0,1028.0,148.0,135.0,292.0,7087.0,2149.0,349.0,1365.0,1335.0,5719.0,4445.0,8858.0,124.0,4.0,20.0,45.0,1.0,919.0,153.0,521.0,3.0,519.0,430.0,774.0,2393.0,1017.0,2057.0,1240.0,784.0,128.0,949.0,675.0,782.0,632.0,181.0,189.0,1693.0,2445.0,2359.0,983.0,1090.0,1603.0,420.0,1351.0,1479.0,60.0,46.0,56.0,5.0,4326.0,393.0,1631.0,622.0,1388.0,313.0,42.0,230.0,516.0,33.0,1232.0,785.0,1691.0,498.0,75.0,36.0,2733.0,31.0,52.0,15.0,2023.0,1839.0,2811.0,230.0,1331.0,372.0,305.0,1666.0,1889.0,255.0,0.0,429.0,795.0,2422.0,3188.0,140.0
fake_negC_rand_28,5061.0,730.0,1460.0,2986.0,186.0,349.0,9062.0,1414.0,1282.0,1108.0,499.0,824.0,1918.0,1771.0,646.0,351.0,1302.0,227.0,382.0,154.0,4131.0,11367.0,805.0,971.0,2294.0,10317.0,8788.0,13513.0,39.0,13.0,70.0,24.0,12.0,1927.0,319.0,396.0,39.0,1244.0,519.0,1107.0,804.0,1053.0,2233.0,1069.0,727.0,524.0,698.0,765.0,1073.0,793.0,396.0,339.0,638.0,3226.0,2009.0,2460.0,2543.0,2456.0,1064.0,1233.0,1061.0,102.0,158.0,110.0,47.0,5069.0,383.0,2836.0,475.0,1861.0,2955.0,79.0,345.0,1222.0,10.0,3040.0,1901.0,2518.0,904.0,125.0,40.0,3216.0,49.0,250.0,95.0,2105.0,4408.0,6547.0,749.0,1050.0,396.0,484.0,1696.0,2515.0,153.0,1.0,527.0,1315.0,17055.0,5726.0,197.0
fake_negC_rand_31,644.0,198.0,166.0,1080.0,31.0,55.0,863.0,246.0,158.0,145.0,185.0,311.0,136.0,373.0,151.0,77.0,262.0,78.0,112.0,31.0,411.0,1074.0,1844.0,203.0,307.0,2578.0,2400.0,1754.0,0.0,0.0,21.0,20.0,0.0,341.0,43.0,8.0,1.0,742.0,217.0,357.0,706.0,123.0,613.0,310.0,311.0,92.0,422.0,314.0,122.0,460.0,242.0,126.0,443.0,824.0,228.0,340.0,193.0,163.0,126.0,527.0,310.0,23.0,19.0,11.0,0.0,769.0,157.0,443.0,62.0,423.0,835.0,0.0,98.0,156.0,32.0,252.0,232.0,490.0,383.0,25.0,0.0,390.0,17.0,98.0,12.0,375.0,624.0,1433.0,122.0,304.0,302.0,122.0,218.0,391.0,2.0,4.0,68.0,550.0,1216.0,2373.0,151.0
fake_negC_rand_42,1692.0,181.0,429.0,782.0,381.0,174.0,3034.0,112.0,347.0,488.0,189.0,298.0,647.0,926.0,347.0,105.0,496.0,55.0,109.0,429.0,1274.0,1825.0,741.0,2106.0,635.0,3146.0,3073.0,5470.0,1.0,5.0,1.0,54.0,0.0,521.0,19.0,533.0,15.0,389.0,359.0,695.0,1275.0,368.0,911.0,687.0,498.0,53.0,403.0,205.0,382.0,282.0,115.0,331.0,361.0,1251.0,845.0,787.0,1210.0,541.0,223.0,654.0,564.0,38.0,16.0,39.0,68.0,3020.0,233.0,1036.0,244.0,526.0,1984.0,55.0,175.0,207.0,1.0,284.0,829.0,1901.0,286.0,27.0,5.0,1693.0,18.0,7.0,36.0,1122.0,2453.0,2162.0,507.0,1081.0,193.0,164.0,966.0,1320.0,22.0,2.0,97.0,599.0,4281.0,2359.0,278.0
fake_negC_rand_43,2151.0,930.0,1767.0,2767.0,347.0,679.0,3839.0,1260.0,761.0,1109.0,260.0,466.0,1480.0,1222.0,800.0,444.0,1148.0,69.0,227.0,469.0,1502.0,2701.0,448.0,877.0,3008.0,5096.0,3238.0,6107.0,28.0,24.0,9.0,73.0,17.0,1576.0,375.0,423.0,50.0,1007.0,171.0,893.0,460.0,403.0,633.0,1047.0,1229.0,147.0,456.0,749.0,353.0,550.0,216.0,159.0,785.0,1164.0,1202.0,2148.0,1715.0,2172.0,600.0,457.0,1262.0,293.0,98.0,38.0,17.0,1830.0,659.0,1689.0,269.0,1726.0,1295.0,182.0,206.0,687.0,40.0,1253.0,719.0,1418.0,637.0,148.0,12.0,2134.0,115.0,87.0,98.0,1480.0,3925.0,5811.0,512.0,1282.0,728.0,373.0,1314.0,1759.0,16.0,23.0,525.0,596.0,3860.0,2426.0,86.0
folA_1_56_B_MM10,3420.0,1536.0,2187.0,3086.0,546.0,494.0,6596.0,2460.0,2767.0,1808.0,1274.0,1581.0,2135.0,2722.0,1534.0,1427.0,2464.0,437.0,338.0,658.0,3192.0,5697.0,1444.0,423.0,2191.0,26538.0,10735.0,14513.0,8.0,3.0,48.0,133.0,20.0,245.0,177.0,1406.0,70.0,1166.0,1127.0,943.0,3458.0,1669.0,3578.0,2035.0,1347.0,233.0,1235.0,1480.0,1455.0,2168.0,1256.0,329.0,2587.0,2058.0,4223.0,1634.0,1589.0,1842.0,684.0,2008.0,2222.0,303.0,97.0,86.0,70.0,7733.0,1003.0,4958.0,1122.0,2230.0,3519.0,82.0,739.0,1644.0,3.0,2439.0,1766.0,5616.0,915.0,51.0,131.0,5038.0,66.0,109.0,64.0,3276.0,5217.0,5056.0,1193.0,2438.0,727.0,467.0,3320.0,5222.0,139.0,15.0,1372.0,4778.0,15815.0,8198.0,275.0
folA_1_56_B_MM11,3408.0,976.0,2203.0,4510.0,349.0,446.0,8243.0,1338.0,1179.0,1204.0,603.0,1224.0,1949.0,3360.0,1096.0,475.0,2930.0,609.0,385.0,181.0,2976.0,5846.0,1589.0,889.0,1871.0,14253.0,26857.0,10719.0,56.0,47.0,28.0,126.0,9.0,1652.0,525.0,764.0,28.0,2028.0,2167.0,1224.0,1247.0,1127.0,3501.0,1662.0,1238.0,483.0,1740.0,1403.0,1206.0,1364.0,538.0,493.0,1474.0,4140.0,3249.0,2107.0,1973.0,1827.0,883.0,1749.0,866.0,117.0,261.0,122.0,42.0,7686.0,1150.0,3739.0,492.0,3915.0,2608.0,8.0,316.0,937.0,73.0,3202.0,1715.0,3920.0,950.0,34.0,39.0,2480.0,121.0,243.0,74.0,2203.0,7145.0,5818.0,790.0,2083.0,865.0,468.0,1950.0,3400.0,177.0,22.0,824.0,3320.0,11714.0,4379.0,258.0
folA_1_56_B_MM14,5986.0,1729.0,2488.0,4735.0,572.0,824.0,10455.0,1493.0,1466.0,1898.0,774.0,1511.0,3833.0,3714.0,1198.0,723.0,2388.0,395.0,632.0,298.0,4567.0,12188.0,1784.0,2447.0,2437.0,14711.0,13562.0,33056.0,11.0,44.0,33.0,116.0,12.0,1882.0,284.0,2348.0,57.0,2438.0,2103.0,1456.0,7184.0,1609.0,4508.0,3831.0,1978.0,566.0,1846.0,1484.0,3166.0,1619.0,1105.0,280.0,2252.0,4458.0,4368.0,3475.0,3264.0,2502.0,1275.0,3323.0,1936.0,306.0,92.0,58.0,82.0,11758.0,1076.0,6056.0,775.0,6214.0,3897.0,66.0,603.0,903.0,22.0,2497.0,2426.0,3446.0,904.0,150.0,90.0,4028.0,128.0,201.0,165.0,5324.0,11463.0,11476.0,1594.0,4084.0,696.0,718.0,3265.0,3611.0,128.0,267.0,6010.0,10893.0,13482.0,7436.0,338.0
folA_1_56_B_MM2,0.0,25.0,1.0,3.0,0.0,25.0,49.0,32.0,2.0,13.0,12.0,108.0,26.0,17.0,11.0,48.0,2.0,9.0,29.0,6.0,4.0,16.0,1.0,1.0,2.0,101.0,24.0,4.0,67.0,15.0,31.0,4.0,0.0,3.0,17.0,1.0,4.0,3.0,1.0,0.0,1.0,4.0,2.0,12.0,48.0,10.0,0.0,31.0,1.0,1.0,27.0,0.0,6.0,33.0,3.0,2.0,8.0,6.0,4.0,385.0,29.0,9.0,1.0,0.0,0.0,26.0,3.0,25.0,0.0,25.0,6.0,54.0,0.0,39.0,57.0,1.0,9.0,18.0,23.0,5.0,0.0,1.0,5.0,21.0,21.0,37.0,21.0,72.0,23.0,30.0,40.0,7.0,56.0,24.0,4.0,4.0,29.0,4.0,34.0,384.0,78.0
folA_1_56_B_MM3,36.0,29.0,24.0,56.0,10.0,17.0,60.0,9.0,8.0,76.0,22.0,50.0,47.0,22.0,6.0,18.0,7.0,0.0,57.0,21.0,21.0,12.0,0.0,6.0,41.0,38.0,71.0,35.0,10.0,57.0,0.0,131.0,0.0,41.0,70.0,13.0,17.0,20.0,0.0,0.0,1.0,20.0,8.0,34.0,12.0,7.0,8.0,0.0,15.0,40.0,38.0,0.0,1.0,0.0,5.0,25.0,10.0,27.0,8.0,14.0,17.0,16.0,10.0,21.0,0.0,29.0,16.0,8.0,21.0,36.0,15.0,74.0,45.0,50.0,8.0,48.0,2.0,157.0,0.0,6.0,1.0,12.0,10.0,19.0,0.0,8.0,72.0,77.0,27.0,19.0,45.0,42.0,98.0,2.0,36.0,8.0,119.0,11.0,12.0,17.0,31.0
folA_1_56_B_MM6,31.0,33.0,66.0,12.0,50.0,68.0,17.0,34.0,45.0,126.0,18.0,136.0,31.0,10.0,27.0,62.0,6.0,1.0,102.0,28.0,5.0,63.0,2.0,0.0,44.0,62.0,13.0,149.0,66.0,190.0,96.0,102.0,2.0,13.0,2.0,0.0,3.0,9.0,0.0,0.0,2.0,8.0,66.0,50.0,18.0,50.0,11.0,1.0,2.0,1.0,0.0,2.0,8.0,17.0,2.0,7.0,4.0,38.0,11.0,13.0,14.0,25.0,17.0,8.0,32.0,16.0,91.0,65.0,3.0,29.0,21.0,23.0,23.0,32.0,0.0,56.0,56.0,22.0,1.0,0.0,0.0,41.0,18.0,1.0,28.0,98.0,43.0,41.0,100.0,54.0,61.0,53.0,157.0,12.0,13.0,0.0,96.0,37.0,67.0,43.0,56.0
folA_1_56_B_MM9,65.0,27.0,20.0,64.0,2.0,24.0,149.0,23.0,28.0,95.0,61.0,49.0,19.0,35.0,128.0,59.0,100.0,35.0,53.0,41.0,69.0,16.0,0.0,16.0,13.0,247.0,93.0,33.0,26.0,4.0,74.0,168.0,0.0,13.0,74.0,3.0,0.0,9.0,122.0,39.0,18.0,13.0,12.0,71.0,9.0,24.0,19.0,11.0,4.0,8.0,9.0,9.0,16.0,24.0,19.0,3.0,11.0,3.0,1.0,14.0,40.0,14.0,4.0,5.0,0.0,79.0,8.0,104.0,16.0,32.0,14.0,35.0,67.0,55.0,0.0,120.0,18.0,154.0,21.0,0.0,17.0,14.0,7.0,5.0,8.0,78.0,53.0,146.0,50.0,165.0,54.0,67.0,96.0,41.0,69.0,8.0,147.0,130.0,69.0,509.0,92.0
folA_1_56_C,1.0,0.0,2.0,16.0,3.0,10.0,349.0,1.0,24.0,67.0,0.0,0.0,1.0,1.0,7.0,5.0,16.0,0.0,0.0,0.0,6.0,14.0,8.0,0.0,133.0,7.0,26.0,6.0,9.0,1.0,42.0,1.0,22.0,0.0,15.0,0.0,0.0,5.0,1.0,3.0,69.0,152.0,15.0,9.0,1.0,0.0,2.0,4.0,1.0,1.0,3.0,0.0,6.0,38.0,0.0,26.0,4.0,0.0,2.0,17.0,1.0,62.0,0.0,0.0,0.0,68.0,1.0,16.0,0.0,0.0,3.0,32.0,28.0,2.0,0.0,56.0,2.0,23.0,0.0,1.0,0.0,8.0,6.0,2.0,0.0,0.0,13.0,54.0,51.0,53.0,18.0,34.0,21.0,10.0,3.0,0.0,12.0,0.0,17.0,13.0,0.0
folA_3_242_B_MM3,3460.0,1235.0,2316.0,2959.0,271.0,819.0,6011.0,1283.0,1744.0,1230.0,675.0,2171.0,2429.0,2072.0,1639.0,949.0,1685.0,658.0,685.0,928.0,2674.0,7849.0,978.0,229.0,3914.0,1300.0,4356.0,11135.0,18.0,10.0,58.0,127.0,5.0,9638.0,444.0,1172.0,111.0,902.0,486.0,976.0,1645.0,637.0,1252.0,1294.0,1121.0,309.0,894.0,640.0,1219.0,1427.0,629.0,175.0,710.0,636.0,924.0,900.0,805.0,647.0,197.0,1598.0,1744.0,323.0,56.0,143.0,50.0,6309.0,1356.0,2466.0,1196.0,1367.0,1423.0,127.0,595.0,1647.0,6.0,1523.0,1377.0,3412.0,832.0,40.0,251.0,3295.0,68.0,240.0,178.0,2645.0,5511.0,6207.0,758.0,2031.0,801.0,484.0,3321.0,2293.0,233.0,2.0,760.0,1696.0,17637.0,9142.0,173.0
folA_3_242_C,361.0,198.0,183.0,181.0,15.0,217.0,205.0,232.0,232.0,335.0,190.0,708.0,189.0,100.0,631.0,250.0,221.0,334.0,135.0,101.0,168.0,164.0,66.0,14.0,267.0,78.0,193.0,689.0,3.0,183.0,5.0,10.0,10.0,848.0,821.0,50.0,27.0,362.0,43.0,88.0,28.0,273.0,105.0,227.0,28.0,64.0,79.0,128.0,30.0,143.0,116.0,21.0,136.0,368.0,125.0,45.0,73.0,117.0,46.0,105.0,276.0,134.0,23.0,22.0,29.0,788.0,91.0,309.0,141.0,177.0,189.0,57.0,209.0,514.0,47.0,134.0,80.0,209.0,104.0,109.0,23.0,746.0,9.0,21.0,30.0,458.0,446.0,314.0,54.0,233.0,163.0,217.0,560.0,353.0,107.0,29.0,446.0,419.0,1122.0,1030.0,161.0
gdhA_1_42_B_MM10,994.0,152.0,483.0,542.0,29.0,114.0,1017.0,252.0,381.0,341.0,348.0,107.0,499.0,548.0,275.0,173.0,594.0,30.0,40.0,69.0,921.0,1056.0,207.0,163.0,155.0,2217.0,1928.0,1874.0,0.0,15.0,1.0,12.0,1.0,230.0,106.0,1695.0,8.0,389.0,394.0,222.0,604.0,340.0,486.0,285.0,84.0,41.0,47.0,113.0,291.0,237.0,67.0,23.0,104.0,743.0,758.0,233.0,307.0,333.0,448.0,392.0,109.0,49.0,1.0,6.0,86.0,851.0,23.0,470.0,106.0,242.0,220.0,52.0,31.0,62.0,0.0,429.0,478.0,578.0,116.0,4.0,3.0,299.0,32.0,52.0,2.0,493.0,1023.0,848.0,169.0,530.0,52.0,164.0,435.0,216.0,41.0,0.0,173.0,652.0,1412.0,1482.0,42.0
gdhA_1_42_B_MM14,20.0,35.0,6.0,3.0,19.0,5.0,19.0,24.0,9.0,132.0,0.0,105.0,137.0,12.0,132.0,91.0,1.0,23.0,31.0,21.0,6.0,33.0,2.0,6.0,48.0,80.0,53.0,160.0,17.0,0.0,0.0,11.0,0.0,11.0,11.0,0.0,78.0,31.0,0.0,1.0,2.0,1.0,6.0,51.0,25.0,0.0,0.0,0.0,1.0,12.0,28.0,0.0,2.0,1.0,15.0,37.0,23.0,0.0,0.0,20.0,8.0,0.0,0.0,15.0,0.0,14.0,0.0,1.0,72.0,2.0,48.0,2.0,36.0,74.0,0.0,21.0,11.0,137.0,35.0,1.0,0.0,18.0,0.0,7.0,0.0,83.0,132.0,97.0,73.0,99.0,393.0,41.0,12.0,37.0,0.0,0.0,5.0,1.0,30.0,7.0,0.0
gdhA_1_42_B_MM4,752.0,673.0,937.0,1137.0,196.0,260.0,1647.0,163.0,479.0,260.0,194.0,539.0,495.0,1178.0,445.0,440.0,758.0,58.0,150.0,163.0,919.0,1153.0,775.0,358.0,228.0,2355.0,2060.0,3384.0,0.0,9.0,38.0,24.0,0.0,422.0,23.0,497.0,2.0,2085.0,328.0,454.0,799.0,250.0,530.0,740.0,393.0,108.0,82.0,11.0,798.0,24.0,44.0,5.0,88.0,222.0,911.0,38.0,45.0,73.0,16.0,860.0,184.0,48.0,7.0,42.0,47.0,2166.0,156.0,1075.0,293.0,1255.0,1770.0,28.0,117.0,175.0,12.0,681.0,554.0,558.0,507.0,33.0,33.0,812.0,140.0,67.0,115.0,477.0,1245.0,2282.0,190.0,508.0,157.0,104.0,772.0,1171.0,41.0,0.0,265.0,432.0,3018.0,1273.0,94.0
gdhA_1_42_B_MM6,502.0,121.0,384.0,278.0,35.0,18.0,1369.0,339.0,144.0,112.0,269.0,62.0,434.0,177.0,76.0,84.0,459.0,99.0,42.0,50.0,1019.0,1252.0,325.0,291.0,294.0,2417.0,724.0,1682.0,4.0,30.0,3.0,31.0,0.0,533.0,51.0,342.0,42.0,498.0,1301.0,69.0,562.0,81.0,400.0,382.0,89.0,90.0,374.0,37.0,294.0,26.0,3.0,40.0,15.0,281.0,987.0,24.0,29.0,54.0,5.0,501.0,320.0,67.0,7.0,5.0,9.0,1260.0,203.0,842.0,127.0,94.0,530.0,37.0,88.0,293.0,0.0,607.0,246.0,482.0,244.0,2.0,0.0,96.0,44.0,20.0,3.0,245.0,469.0,574.0,176.0,595.0,240.0,58.0,593.0,522.0,49.0,0.0,180.0,339.0,1614.0,1162.0,78.0
gdhA_1_42_B_MM8,1287.0,237.0,632.0,899.0,140.0,143.0,767.0,162.0,333.0,187.0,102.0,123.0,695.0,892.0,382.0,161.0,339.0,6.0,81.0,98.0,1220.0,2057.0,59.0,374.0,385.0,3049.0,1760.0,2030.0,3.0,3.0,3.0,37.0,1.0,633.0,72.0,198.0,16.0,473.0,164.0,2130.0,801.0,254.0,782.0,510.0,136.0,77.0,232.0,131.0,168.0,23.0,16.0,17.0,23.0,337.0,656.0,159.0,132.0,94.0,30.0,364.0,173.0,47.0,55.0,2.0,2.0,1969.0,19.0,900.0,317.0,307.0,630.0,13.0,45.0,143.0,13.0,706.0,498.0,719.0,112.0,14.0,1.0,869.0,65.0,33.0,11.0,860.0,1088.0,1970.0,315.0,460.0,170.0,26.0,451.0,1608.0,11.0,7.0,343.0,256.0,3922.0,761.0,30.0
gdhA_1_42_C,650.0,664.0,861.0,573.0,26.0,125.0,2487.0,402.0,357.0,351.0,282.0,426.0,452.0,529.0,161.0,55.0,330.0,90.0,241.0,119.0,979.0,1598.0,241.0,575.0,532.0,2909.0,1986.0,4570.0,13.0,16.0,1.0,24.0,2.0,612.0,21.0,331.0,8.0,402.0,342.0,232.0,3645.0,245.0,410.0,640.0,462.0,174.0,362.0,37.0,27.0,26.0,16.0,4.0,36.0,270.0,1065.0,37.0,40.0,25.0,12.0,392.0,264.0,7.0,9.0,25.0,3.0,2795.0,386.0,497.0,161.0,685.0,1117.0,18.0,61.0,301.0,0.0,682.0,380.0,1060.0,330.0,2.0,5.0,618.0,67.0,41.0,2.0,471.0,1289.0,2277.0,435.0,452.0,171.0,104.0,585.0,1348.0,28.0,13.0,39.0,400.0,4382.0,1057.0,70.0
gdhA_3_216_B_MM10,665.0,286.0,344.0,599.0,162.0,41.0,979.0,468.0,209.0,324.0,215.0,293.0,278.0,566.0,445.0,247.0,615.0,44.0,77.0,126.0,678.0,1615.0,408.0,190.0,247.0,2171.0,759.0,2532.0,8.0,5.0,16.0,11.0,3.0,233.0,79.0,354.0,7.0,904.0,30.0,201.0,411.0,1032.0,734.0,806.0,472.0,34.0,259.0,81.0,151.0,84.0,45.0,3.0,82.0,382.0,877.0,118.0,114.0,112.0,38.0,381.0,373.0,24.0,3.0,2.0,25.0,1170.0,125.0,394.0,111.0,365.0,528.0,83.0,66.0,145.0,1.0,388.0,380.0,368.0,268.0,19.0,16.0,201.0,6.0,99.0,35.0,568.0,589.0,1141.0,131.0,455.0,346.0,169.0,512.0,676.0,55.0,5.0,290.0,574.0,1652.0,1521.0,133.0
gdhA_3_216_B_MM14,1005.0,458.0,864.0,1887.0,225.0,460.0,3768.0,343.0,405.0,618.0,446.0,266.0,466.0,1276.0,317.0,385.0,644.0,166.0,183.0,96.0,1444.0,1400.0,735.0,462.0,691.0,4296.0,3350.0,4386.0,1.0,12.0,32.0,37.0,17.0,1462.0,99.0,588.0,2.0,456.0,304.0,354.0,887.0,382.0,3352.0,1276.0,332.0,97.0,497.0,191.0,284.0,296.0,130.0,92.0,269.0,1897.0,941.0,758.0,931.0,632.0,721.0,553.0,969.0,25.0,11.0,15.0,12.0,2516.0,238.0,956.0,82.0,1591.0,1918.0,30.0,294.0,533.0,73.0,532.0,469.0,1622.0,455.0,15.0,21.0,1532.0,72.0,78.0,94.0,1258.0,1210.0,2795.0,345.0,731.0,347.0,217.0,1987.0,1788.0,121.0,0.0,652.0,566.0,4060.0,2855.0,32.0
gdhA_3_216_B_MM4,1124.0,482.0,692.0,1065.0,139.0,83.0,2191.0,671.0,625.0,498.0,213.0,504.0,654.0,701.0,487.0,268.0,657.0,51.0,211.0,170.0,870.0,990.0,427.0,221.0,406.0,2727.0,3054.0,3569.0,11.0,4.0,27.0,11.0,12.0,773.0,132.0,465.0,18.0,1011.0,341.0,236.0,963.0,238.0,594.0,2145.0,801.0,80.0,382.0,104.0,541.0,16.0,15.0,2.0,43.0,161.0,917.0,93.0,59.0,115.0,32.0,556.0,757.0,81.0,37.0,75.0,6.0,1137.0,98.0,566.0,168.0,514.0,1389.0,38.0,79.0,468.0,30.0,415.0,322.0,537.0,308.0,94.0,45.0,452.0,93.0,46.0,23.0,780.0,970.0,1756.0,240.0,590.0,293.0,194.0,792.0,1795.0,44.0,43.0,381.0,880.0,2281.0,1621.0,85.0
gdhA_3_216_B_MM6,1361.0,452.0,489.0,969.0,134.0,228.0,2855.0,498.0,535.0,441.0,97.0,270.0,424.0,349.0,419.0,91.0,517.0,129.0,125.0,76.0,1417.0,895.0,296.0,304.0,680.0,3080.0,2689.0,3233.0,15.0,16.0,37.0,14.0,0.0,419.0,89.0,132.0,14.0,365.0,40.0,573.0,688.0,394.0,1284.0,1100.0,2361.0,10.0,619.0,39.0,221.0,127.0,8.0,29.0,24.0,395.0,605.0,59.0,34.0,133.0,14.0,765.0,412.0,44.0,79.0,19.0,2.0,1273.0,49.0,1271.0,182.0,549.0,647.0,27.0,219.0,228.0,14.0,404.0,122.0,809.0,273.0,48.0,4.0,851.0,0.0,95.0,81.0,428.0,965.0,1146.0,189.0,332.0,229.0,85.0,1077.0,730.0,18.0,2.0,158.0,701.0,1400.0,1907.0,89.0
gdhA_3_216_B_MM8,172.0,127.0,67.0,117.0,101.0,133.0,650.0,579.0,222.0,454.0,58.0,111.0,79.0,135.0,216.0,145.0,351.0,59.0,230.0,273.0,174.0,268.0,185.0,21.0,105.0,1123.0,571.0,595.0,20.0,8.0,31.0,97.0,0.0,304.0,105.0,14.0,48.0,117.0,14.0,254.0,184.0,3.0,105.0,193.0,92.0,397.0,79.0,77.0,14.0,2.0,40.0,13.0,23.0,63.0,164.0,112.0,35.0,45.0,46.0,106.0,26.0,3.0,0.0,38.0,0.0,214.0,14.0,138.0,90.0,88.0,395.0,28.0,168.0,245.0,35.0,236.0,151.0,302.0,178.0,10.0,53.0,391.0,23.0,101.0,9.0,149.0,114.0,243.0,190.0,77.0,140.0,113.0,608.0,654.0,58.0,12.0,62.0,219.0,571.0,455.0,71.0
gdhA_3_216_C,1825.0,411.0,519.0,839.0,218.0,118.0,2193.0,641.0,449.0,276.0,849.0,290.0,471.0,643.0,369.0,126.0,953.0,158.0,126.0,88.0,406.0,748.0,294.0,199.0,807.0,3860.0,1696.0,3997.0,3.0,4.0,13.0,22.0,21.0,433.0,53.0,313.0,3.0,734.0,98.0,296.0,530.0,346.0,574.0,1042.0,592.0,82.0,2210.0,55.0,65.0,30.0,34.0,11.0,33.0,279.0,313.0,42.0,60.0,58.0,41.0,351.0,939.0,57.0,33.0,6.0,20.0,1254.0,165.0,677.0,56.0,737.0,683.0,19.0,118.0,157.0,5.0,465.0,524.0,747.0,184.0,87.0,36.0,791.0,19.0,80.0,43.0,984.0,1226.0,2669.0,236.0,398.0,265.0,219.0,1359.0,1398.0,110.0,27.0,400.0,901.0,2599.0,3786.0,44.0
gltB_1_17_B_MM10,718.0,448.0,823.0,882.0,373.0,286.0,1237.0,654.0,785.0,380.0,395.0,224.0,468.0,1161.0,296.0,237.0,468.0,68.0,364.0,354.0,648.0,1447.0,447.0,344.0,917.0,3987.0,2934.0,1937.0,4.0,4.0,6.0,16.0,23.0,596.0,52.0,60.0,38.0,98.0,37.0,72.0,72.0,55.0,631.0,69.0,61.0,8.0,16.0,1340.0,256.0,435.0,326.0,214.0,207.0,1147.0,1166.0,1067.0,606.0,666.0,266.0,356.0,222.0,122.0,69.0,18.0,58.0,1469.0,245.0,320.0,118.0,263.0,409.0,19.0,132.0,521.0,8.0,280.0,286.0,938.0,402.0,49.0,10.0,1270.0,67.0,103.0,74.0,766.0,1043.0,1514.0,456.0,659.0,185.0,196.0,484.0,1087.0,5.0,27.0,305.0,652.0,3136.0,2888.0,100.0
gltB_1_17_B_MM14,1194.0,57.0,448.0,677.0,51.0,115.0,3472.0,449.0,612.0,522.0,220.0,210.0,669.0,984.0,328.0,147.0,509.0,64.0,94.0,187.0,1402.0,2638.0,165.0,650.0,597.0,2986.0,1821.0,2662.0,1.0,0.0,4.0,9.0,0.0,470.0,78.0,434.0,20.0,1049.0,228.0,241.0,605.0,478.0,843.0,379.0,456.0,44.0,258.0,300.0,1981.0,494.0,587.0,123.0,355.0,1243.0,803.0,830.0,402.0,661.0,440.0,592.0,526.0,18.0,1.0,35.0,7.0,2678.0,169.0,970.0,81.0,613.0,1334.0,2.0,38.0,378.0,0.0,467.0,551.0,687.0,189.0,9.0,40.0,627.0,53.0,4.0,19.0,628.0,1436.0,2698.0,216.0,524.0,425.0,106.0,320.0,1398.0,47.0,9.0,212.0,736.0,3432.0,1529.0,48.0
gltB_1_17_B_MM4,1246.0,704.0,596.0,730.0,137.0,375.0,1452.0,539.0,211.0,671.0,480.0,650.0,938.0,623.0,779.0,120.0,647.0,178.0,218.0,234.0,1098.0,1749.0,559.0,511.0,383.0,2989.0,2501.0,3286.0,0.0,6.0,7.0,58.0,0.0,610.0,92.0,193.0,65.0,59.0,12.0,60.0,42.0,32.0,597.0,76.0,49.0,54.0,54.0,562.0,126.0,1621.0,401.0,234.0,668.0,1369.0,1447.0,1171.0,1549.0,565.0,697.0,541.0,589.0,106.0,13.0,30.0,64.0,1880.0,304.0,1243.0,131.0,416.0,425.0,69.0,244.0,599.0,46.0,340.0,421.0,1846.0,400.0,99.0,73.0,1083.0,114.0,59.0,89.0,409.0,1124.0,1589.0,342.0,616.0,443.0,191.0,915.0,1998.0,14.0,61.0,378.0,403.0,3972.0,3440.0,96.0
gltB_1_17_B_MM6,716.0,347.0,409.0,703.0,119.0,161.0,1389.0,799.0,360.0,362.0,93.0,366.0,356.0,950.0,268.0,370.0,415.0,269.0,124.0,244.0,686.0,1082.0,376.0,391.0,521.0,2901.0,1758.0,3459.0,38.0,25.0,8.0,22.0,3.0,402.0,58.0,92.0,1.0,84.0,18.0,26.0,28.0,99.0,425.0,80.0,32.0,50.0,22.0,598.0,393.0,611.0,1275.0,248.0,641.0,1092.0,623.0,848.0,654.0,1158.0,477.0,303.0,306.0,65.0,43.0,58.0,8.0,723.0,237.0,1095.0,94.0,408.0,732.0,60.0,105.0,325.0,13.0,276.0,245.0,1118.0,165.0,27.0,9.0,570.0,25.0,57.0,30.0,606.0,1118.0,986.0,176.0,313.0,134.0,114.0,966.0,726.0,54.0,0.0,182.0,296.0,2092.0,1290.0,54.0
gltB_1_17_B_MM8,64.0,241.0,83.0,123.0,76.0,275.0,541.0,323.0,239.0,184.0,112.0,52.0,301.0,196.0,59.0,21.0,40.0,48.0,23.0,116.0,43.0,318.0,154.0,198.0,66.0,546.0,234.0,333.0,0.0,0.0,2.0,34.0,18.0,138.0,114.0,25.0,0.0,6.0,30.0,1.0,44.0,15.0,121.0,26.0,52.0,18.0,27.0,15.0,26.0,263.0,58.0,314.0,204.0,218.0,146.0,250.0,217.0,145.0,239.0,94.0,278.0,65.0,0.0,0.0,6.0,147.0,35.0,162.0,66.0,78.0,356.0,2.0,65.0,58.0,17.0,55.0,85.0,243.0,51.0,31.0,12.0,29.0,122.0,10.0,7.0,336.0,197.0,772.0,124.0,96.0,164.0,14.0,360.0,133.0,34.0,0.0,69.0,6.0,910.0,158.0,1.0
gltB_1_17_C,905.0,656.0,878.0,471.0,381.0,349.0,1635.0,670.0,349.0,506.0,411.0,318.0,457.0,880.0,418.0,251.0,343.0,348.0,84.0,233.0,491.0,1412.0,697.0,532.0,356.0,3295.0,1907.0,1672.0,51.0,1.0,8.0,13.0,3.0,581.0,106.0,244.0,9.0,18.0,23.0,72.0,37.0,69.0,298.0,125.0,35.0,18.0,12.0,464.0,245.0,541.0,270.0,58.0,1621.0,1639.0,1327.0,1075.0,862.0,741.0,651.0,157.0,570.0,82.0,6.0,19.0,5.0,1806.0,74.0,554.0,121.0,272.0,547.0,15.0,264.0,392.0,99.0,666.0,443.0,873.0,154.0,12.0,56.0,742.0,0.0,20.0,28.0,629.0,771.0,1979.0,274.0,602.0,324.0,203.0,332.0,1961.0,18.0,19.0,261.0,320.0,2913.0,1038.0,89.0
gltB_3_284_B_MM10,1422.0,867.0,2374.0,1977.0,269.0,873.0,4813.0,957.0,435.0,863.0,609.0,527.0,1702.0,2503.0,1076.0,295.0,481.0,89.0,445.0,166.0,2543.0,2851.0,1113.0,1279.0,1943.0,4321.0,7215.0,5586.0,28.0,24.0,5.0,93.0,15.0,1328.0,140.0,361.0,62.0,527.0,193.0,322.0,144.0,163.0,832.0,409.0,111.0,40.0,154.0,1035.0,940.0,490.0,273.0,225.0,790.0,8471.0,2382.0,3064.0,2653.0,2249.0,711.0,734.0,593.0,111.0,36.0,48.0,96.0,2879.0,505.0,2191.0,357.0,1194.0,1295.0,46.0,278.0,578.0,20.0,893.0,1526.0,1760.0,369.0,253.0,14.0,955.0,73.0,111.0,31.0,1277.0,2170.0,2710.0,556.0,1420.0,296.0,196.0,1401.0,1625.0,59.0,16.0,484.0,776.0,8520.0,3300.0,208.0
gltB_3_284_B_MM14,2384.0,855.0,1218.0,1349.0,408.0,491.0,3325.0,1125.0,618.0,787.0,838.0,744.0,1312.0,1216.0,982.0,292.0,1007.0,170.0,140.0,133.0,1832.0,3347.0,221.0,1267.0,808.0,6096.0,4597.0,8295.0,21.0,27.0,35.0,52.0,94.0,1230.0,170.0,1880.0,45.0,1369.0,429.0,649.0,827.0,567.0,1200.0,1334.0,410.0,75.0,509.0,633.0,1000.0,1292.0,566.0,276.0,971.0,3752.0,5309.0,2377.0,1640.0,1898.0,994.0,922.0,398.0,216.0,85.0,95.0,25.0,4603.0,745.0,3208.0,367.0,1591.0,1343.0,48.0,430.0,1044.0,3.0,1579.0,1545.0,3701.0,511.0,126.0,40.0,351.0,107.0,113.0,86.0,2290.0,2093.0,4509.0,542.0,1747.0,468.0,97.0,1810.0,1195.0,73.0,4.0,813.0,1004.0,5399.0,3227.0,136.0
gltB_3_284_B_MM4,906.0,746.0,1620.0,964.0,263.0,260.0,2871.0,621.0,652.0,606.0,556.0,617.0,1244.0,727.0,731.0,235.0,332.0,226.0,198.0,220.0,851.0,1693.0,532.0,373.0,758.0,3595.0,2882.0,4099.0,20.0,7.0,38.0,38.0,4.0,968.0,110.0,179.0,160.0,35.0,11.0,38.0,40.0,162.0,421.0,51.0,37.0,88.0,30.0,625.0,314.0,226.0,174.0,134.0,721.0,2643.0,1044.0,5303.0,1433.0,2369.0,1019.0,517.0,454.0,190.0,17.0,96.0,40.0,2221.0,324.0,1570.0,599.0,671.0,526.0,60.0,99.0,129.0,13.0,589.0,679.0,701.0,208.0,36.0,33.0,795.0,73.0,80.0,85.0,839.0,1758.0,2470.0,162.0,1051.0,345.0,301.0,641.0,957.0,66.0,4.0,359.0,656.0,3934.0,2307.0,103.0
gltB_3_284_B_MM6,860.0,626.0,756.0,1182.0,92.0,368.0,1340.0,699.0,874.0,614.0,458.0,684.0,1259.0,1296.0,706.0,302.0,516.0,112.0,246.0,205.0,1179.0,1411.0,420.0,561.0,914.0,2721.0,3244.0,3895.0,1.0,8.0,19.0,37.0,8.0,984.0,116.0,197.0,74.0,68.0,16.0,53.0,120.0,116.0,706.0,140.0,83.0,62.0,60.0,592.0,427.0,560.0,167.0,109.0,402.0,2366.0,845.0,982.0,3615.0,1877.0,595.0,583.0,282.0,128.0,86.0,39.0,39.0,1039.0,257.0,1471.0,186.0,616.0,806.0,82.0,95.0,400.0,32.0,469.0,471.0,691.0,197.0,92.0,50.0,817.0,113.0,69.0,48.0,503.0,1403.0,2497.0,324.0,577.0,441.0,245.0,862.0,801.0,93.0,1.0,512.0,480.0,3858.0,1681.0,88.0
gltB_3_284_B_MM8,1080.0,449.0,1021.0,916.0,207.0,481.0,2081.0,962.0,654.0,835.0,540.0,832.0,1503.0,1020.0,732.0,111.0,517.0,165.0,155.0,291.0,1939.0,2254.0,542.0,494.0,740.0,2702.0,2479.0,2778.0,18.0,8.0,15.0,37.0,8.0,563.0,45.0,104.0,21.0,27.0,32.0,21.0,131.0,95.0,503.0,42.0,69.0,53.0,20.0,558.0,537.0,573.0,408.0,110.0,587.0,1523.0,1184.0,1778.0,2196.0,4155.0,451.0,1116.0,385.0,174.0,18.0,40.0,42.0,1980.0,220.0,1460.0,288.0,273.0,352.0,19.0,100.0,172.0,32.0,374.0,553.0,631.0,70.0,14.0,1.0,1483.0,55.0,78.0,71.0,1007.0,1166.0,2605.0,341.0,957.0,484.0,167.0,1498.0,937.0,9.0,18.0,229.0,430.0,4074.0,1687.0,162.0
gltB_3_284_C,503.0,410.0,472.0,557.0,337.0,197.0,1903.0,472.0,290.0,432.0,130.0,452.0,1044.0,774.0,664.0,383.0,272.0,53.0,178.0,246.0,615.0,1108.0,605.0,359.0,540.0,1448.0,740.0,1458.0,4.0,1.0,6.0,72.0,21.0,398.0,14.0,67.0,0.0,17.0,7.0,4.0,19.0,49.0,528.0,62.0,52.0,10.0,54.0,260.0,299.0,265.0,151.0,50.0,768.0,491.0,452.0,888.0,630.0,376.0,2195.0,307.0,210.0,50.0,3.0,40.0,73.0,933.0,229.0,410.0,236.0,558.0,306.0,61.0,163.0,74.0,7.0,553.0,348.0,359.0,31.0,11.0,8.0,595.0,71.0,23.0,17.0,469.0,996.0,1064.0,350.0,597.0,138.0,110.0,725.0,471.0,1.0,9.0,152.0,169.0,810.0,1101.0,51.0
glyA_1_26_B_MM11,504.0,334.0,417.0,336.0,293.0,27.0,714.0,345.0,376.0,216.0,92.0,79.0,210.0,116.0,128.0,52.0,80.0,19.0,62.0,75.0,642.0,732.0,350.0,246.0,391.0,1631.0,1616.0,2155.0,3.0,3.0,51.0,6.0,12.0,174.0,74.0,7.0,2.0,245.0,165.0,217.0,519.0,46.0,404.0,202.0,124.0,56.0,346.0,242.0,62.0,185.0,215.0,39.0,214.0,543.0,834.0,287.0,541.0,395.0,139.0,1770.0,140.0,7.0,11.0,1.0,1.0,1257.0,92.0,337.0,77.0,507.0,546.0,10.0,69.0,79.0,29.0,301.0,467.0,562.0,147.0,14.0,3.0,1038.0,28.0,50.0,14.0,463.0,942.0,1431.0,164.0,458.0,231.0,127.0,401.0,731.0,27.0,11.0,140.0,524.0,1493.0,658.0,183.0
glyA_1_26_B_MM12,535.0,350.0,746.0,824.0,303.0,445.0,770.0,521.0,531.0,443.0,287.0,187.0,351.0,154.0,280.0,29.0,96.0,210.0,119.0,114.0,517.0,958.0,191.0,266.0,145.0,1895.0,2087.0,2413.0,23.0,13.0,1.0,74.0,0.0,274.0,65.0,66.0,1.0,150.0,216.0,61.0,308.0,167.0,254.0,303.0,126.0,48.0,292.0,113.0,69.0,77.0,129.0,12.0,96.0,644.0,215.0,457.0,504.0,275.0,141.0,389.0,1601.0,32.0,0.0,26.0,7.0,1154.0,121.0,209.0,140.0,350.0,185.0,14.0,31.0,214.0,37.0,199.0,288.0,340.0,217.0,1.0,19.0,584.0,24.0,87.0,72.0,520.0,405.0,975.0,425.0,592.0,339.0,77.0,1649.0,772.0,1.0,0.0,184.0,319.0,2632.0,1430.0,43.0
glyA_1_26_B_MM4,25.0,59.0,160.0,23.0,55.0,28.0,88.0,164.0,64.0,181.0,90.0,34.0,9.0,10.0,76.0,38.0,18.0,6.0,35.0,12.0,28.0,59.0,3.0,2.0,72.0,481.0,341.0,184.0,8.0,0.0,42.0,15.0,0.0,20.0,31.0,9.0,0.0,53.0,0.0,59.0,13.0,13.0,2.0,60.0,15.0,1.0,9.0,20.0,4.0,9.0,33.0,2.0,35.0,56.0,71.0,41.0,62.0,55.0,12.0,27.0,56.0,195.0,0.0,0.0,1.0,127.0,21.0,95.0,71.0,23.0,14.0,58.0,23.0,53.0,1.0,165.0,2.0,99.0,56.0,8.0,52.0,0.0,24.0,13.0,1.0,8.0,117.0,109.0,57.0,96.0,146.0,173.0,66.0,63.0,1.0,0.0,27.0,57.0,11.0,64.0,18.0
glyA_1_26_B_MM8,1.0,6.0,15.0,1.0,3.0,7.0,30.0,9.0,3.0,1.0,4.0,16.0,33.0,45.0,6.0,0.0,2.0,10.0,1.0,48.0,49.0,71.0,48.0,2.0,16.0,20.0,46.0,52.0,1.0,1.0,0.0,6.0,0.0,6.0,0.0,1.0,0.0,0.0,0.0,0.0,1.0,0.0,0.0,3.0,1.0,0.0,1.0,2.0,5.0,24.0,30.0,0.0,1.0,1.0,15.0,38.0,23.0,11.0,30.0,2.0,3.0,0.0,75.0,0.0,0.0,21.0,0.0,1.0,0.0,6.0,0.0,0.0,2.0,29.0,0.0,47.0,1.0,2.0,2.0,1.0,0.0,1.0,0.0,2.0,2.0,5.0,24.0,17.0,51.0,17.0,58.0,25.0,19.0,1.0,0.0,0.0,7.0,19.0,32.0,0.0,1.0
glyA_1_26_B_MM9,18.0,20.0,17.0,28.0,34.0,26.0,51.0,72.0,27.0,94.0,38.0,2.0,1.0,11.0,23.0,11.0,1.0,3.0,0.0,0.0,11.0,7.0,13.0,14.0,9.0,90.0,33.0,202.0,2.0,0.0,28.0,27.0,7.0,18.0,31.0,0.0,0.0,0.0,0.0,26.0,3.0,0.0,0.0,0.0,0.0,0.0,6.0,6.0,2.0,0.0,1.0,0.0,43.0,141.0,1.0,4.0,31.0,2.0,11.0,0.0,21.0,1.0,0.0,38.0,0.0,2.0,7.0,0.0,1.0,13.0,49.0,13.0,15.0,2.0,6.0,4.0,28.0,4.0,14.0,39.0,2.0,21.0,13.0,6.0,0.0,16.0,9.0,32.0,35.0,20.0,18.0,6.0,38.0,106.0,0.0,0.0,18.0,0.0,6.0,14.0,8.0
glyA_1_26_C,2.0,0.0,130.0,2.0,6.0,14.0,20.0,19.0,28.0,42.0,98.0,13.0,1.0,1.0,37.0,0.0,1.0,0.0,18.0,0.0,1.0,12.0,0.0,0.0,47.0,75.0,40.0,8.0,0.0,0.0,0.0,1.0,0.0,22.0,57.0,0.0,0.0,36.0,15.0,0.0,5.0,0.0,3.0,2.0,0.0,21.0,1.0,0.0,0.0,16.0,2.0,0.0,4.0,26.0,12.0,14.0,8.0,8.0,9.0,57.0,10.0,0.0,1.0,0.0,61.0,55.0,1.0,0.0,30.0,43.0,69.0,0.0,1.0,7.0,0.0,5.0,1.0,3.0,26.0,0.0,1.0,0.0,0.0,0.0,7.0,72.0,14.0,23.0,30.0,76.0,19.0,14.0,29.0,30.0,0.0,0.0,5.0,4.0,0.0,7.0,0.0
glyA_3_279_B_MM14,1877.0,1439.0,2301.0,2110.0,216.0,637.0,5230.0,1104.0,953.0,992.0,590.0,468.0,952.0,1382.0,772.0,293.0,979.0,141.0,163.0,177.0,2194.0,4027.0,873.0,1183.0,1873.0,7965.0,8657.0,8022.0,3.0,32.0,61.0,38.0,58.0,1845.0,222.0,730.0,35.0,1585.0,1171.0,1222.0,1899.0,825.0,1703.0,1184.0,1199.0,79.0,1183.0,737.0,1970.0,918.0,881.0,287.0,452.0,4161.0,3094.0,2064.0,1610.0,1542.0,1017.0,720.0,791.0,319.0,101.0,38.0,73.0,12195.0,525.0,3059.0,290.0,2812.0,2249.0,34.0,251.0,970.0,21.0,1870.0,1578.0,1522.0,1207.0,101.0,32.0,1271.0,76.0,108.0,64.0,1057.0,3929.0,5781.0,670.0,1436.0,450.0,599.0,2209.0,2822.0,119.0,2.0,966.0,2253.0,10796.0,4760.0,420.0
glyA_3_279_B_MM3,174.0,716.0,549.0,451.0,233.0,169.0,485.0,386.0,322.0,488.0,145.0,482.0,502.0,543.0,219.0,370.0,223.0,31.0,147.0,97.0,515.0,916.0,120.0,188.0,181.0,3267.0,1585.0,1060.0,17.0,30.0,29.0,46.0,2.0,337.0,151.0,124.0,47.0,264.0,128.0,121.0,97.0,57.0,123.0,258.0,110.0,56.0,126.0,19.0,188.0,63.0,48.0,40.0,89.0,570.0,457.0,678.0,547.0,335.0,234.0,115.0,79.0,76.0,2.0,10.0,10.0,723.0,1190.0,766.0,232.0,327.0,171.0,13.0,51.0,201.0,21.0,197.0,395.0,513.0,117.0,40.0,43.0,328.0,23.0,8.0,37.0,266.0,664.0,516.0,172.0,355.0,272.0,198.0,499.0,238.0,33.0,4.0,139.0,75.0,410.0,246.0,58.0
glyA_3_279_B_MM6,1540.0,803.0,1386.0,1708.0,141.0,574.0,1999.0,726.0,693.0,609.0,199.0,578.0,726.0,810.0,600.0,168.0,658.0,258.0,173.0,269.0,1671.0,2074.0,142.0,358.0,1274.0,4907.0,2122.0,4665.0,35.0,43.0,32.0,59.0,0.0,1530.0,382.0,196.0,0.0,732.0,551.0,350.0,765.0,342.0,529.0,1242.0,537.0,125.0,371.0,1492.0,531.0,509.0,326.0,86.0,361.0,1809.0,916.0,2099.0,1088.0,1546.0,374.0,350.0,297.0,43.0,34.0,120.0,34.0,2006.0,661.0,5173.0,478.0,575.0,1122.0,45.0,132.0,353.0,12.0,613.0,941.0,912.0,387.0,216.0,54.0,2089.0,191.0,73.0,126.0,1702.0,3401.0,4736.0,616.0,997.0,183.0,165.0,2143.0,1257.0,72.0,23.0,201.0,195.0,1604.0,2660.0,73.0
glyA_3_279_C,151.0,138.0,302.0,272.0,199.0,172.0,115.0,373.0,286.0,171.0,127.0,260.0,457.0,317.0,131.0,225.0,137.0,174.0,235.0,40.0,205.0,328.0,37.0,89.0,573.0,1053.0,385.0,438.0,0.0,3.0,11.0,28.0,0.0,415.0,80.0,61.0,55.0,111.0,41.0,34.0,50.0,49.0,54.0,73.0,35.0,38.0,20.0,50.0,2.0,43.0,22.0,24.0,16.0,312.0,139.0,281.0,160.0,177.0,95.0,82.0,89.0,61.0,1.0,27.0,0.0,252.0,101.0,221.0,582.0,145.0,165.0,26.0,102.0,112.0,0.0,291.0,175.0,84.0,110.0,1.0,21.0,106.0,37.0,42.0,3.0,209.0,400.0,409.0,82.0,132.0,121.0,73.0,384.0,86.0,4.0,46.0,30.0,18.0,40.0,360.0,21.0
negC_rand_42,385.0,120.0,463.0,1571.0,41.0,181.0,1609.0,410.0,250.0,246.0,143.0,148.0,350.0,320.0,427.0,229.0,557.0,78.0,206.0,92.0,1572.0,1279.0,73.0,138.0,627.0,1964.0,2121.0,2422.0,2.0,22.0,8.0,13.0,20.0,286.0,58.0,366.0,12.0,754.0,21.0,95.0,345.0,156.0,324.0,628.0,250.0,170.0,322.0,337.0,61.0,338.0,100.0,189.0,299.0,887.0,573.0,463.0,969.0,287.0,335.0,444.0,467.0,9.0,1.0,6.0,31.0,2259.0,133.0,1201.0,111.0,9788.0,666.0,1.0,47.0,69.0,1.0,182.0,301.0,718.0,142.0,1.0,3.0,870.0,52.0,2.0,13.0,737.0,1310.0,909.0,234.0,658.0,115.0,68.0,515.0,538.0,11.0,2.0,39.0,304.0,2335.0,1312.0,19.0
purL_1_25_B_MM14,1218.0,432.0,1046.0,1745.0,249.0,309.0,1659.0,367.0,803.0,1188.0,198.0,355.0,588.0,754.0,646.0,377.0,1011.0,177.0,368.0,232.0,1969.0,1902.0,144.0,613.0,1333.0,4906.0,1693.0,4102.0,5.0,1.0,33.0,12.0,10.0,249.0,78.0,370.0,49.0,757.0,555.0,869.0,1894.0,949.0,1902.0,1719.0,292.0,178.0,586.0,449.0,225.0,415.0,81.0,286.0,612.0,1698.0,948.0,997.0,1781.0,620.0,398.0,1473.0,888.0,240.0,55.0,36.0,3.0,2829.0,83.0,2702.0,150.0,877.0,4027.0,15.0,134.0,187.0,16.0,259.0,420.0,828.0,348.0,8.0,43.0,1208.0,169.0,69.0,98.0,1178.0,1944.0,3321.0,540.0,888.0,509.0,280.0,908.0,3688.0,51.0,9.0,466.0,1043.0,4599.0,2816.0,140.0
purL_1_25_B_MM3,1.0,0.0,60.0,108.0,16.0,45.0,29.0,47.0,74.0,34.0,49.0,76.0,17.0,3.0,39.0,74.0,33.0,141.0,68.0,42.0,13.0,24.0,14.0,9.0,40.0,62.0,28.0,55.0,52.0,31.0,17.0,48.0,1.0,11.0,25.0,8.0,11.0,1.0,3.0,9.0,8.0,18.0,44.0,35.0,77.0,16.0,11.0,0.0,14.0,4.0,22.0,29.0,9.0,107.0,41.0,2.0,16.0,105.0,33.0,14.0,42.0,25.0,1.0,59.0,27.0,51.0,18.0,51.0,1.0,2.0,48.0,168.0,10.0,75.0,19.0,13.0,18.0,0.0,23.0,11.0,6.0,2.0,4.0,100.0,2.0,110.0,93.0,64.0,30.0,63.0,3.0,2.0,30.0,23.0,16.0,0.0,14.0,31.0,54.0,80.0,119.0
purL_1_25_B_MM8,138.0,222.0,299.0,212.0,160.0,307.0,186.0,243.0,422.0,173.0,297.0,160.0,235.0,97.0,206.0,259.0,47.0,156.0,173.0,163.0,100.0,313.0,23.0,42.0,160.0,635.0,98.0,621.0,21.0,26.0,2.0,4.0,0.0,68.0,100.0,6.0,3.0,69.0,19.0,63.0,131.0,139.0,68.0,115.0,37.0,29.0,195.0,72.0,17.0,63.0,114.0,37.0,92.0,99.0,360.0,86.0,81.0,91.0,96.0,115.0,173.0,181.0,8.0,79.0,13.0,274.0,116.0,86.0,60.0,30.0,70.0,88.0,714.0,408.0,26.0,198.0,123.0,49.0,54.0,32.0,1.0,162.0,31.0,2.0,7.0,72.0,129.0,168.0,50.0,524.0,106.0,67.0,191.0,128.0,25.0,22.0,171.0,243.0,335.0,82.0,357.0
purL_1_25_B_MM9,394.0,529.0,361.0,271.0,650.0,343.0,550.0,1004.0,1053.0,475.0,444.0,459.0,303.0,300.0,257.0,188.0,164.0,471.0,627.0,299.0,228.0,834.0,185.0,188.0,369.0,1322.0,820.0,931.0,43.0,18.0,46.0,106.0,111.0,416.0,180.0,65.0,95.0,171.0,139.0,205.0,238.0,158.0,416.0,336.0,232.0,115.0,187.0,280.0,50.0,233.0,221.0,62.0,417.0,338.0,466.0,226.0,143.0,140.0,91.0,366.0,219.0,524.0,1.0,35.0,36.0,652.0,101.0,468.0,322.0,330.0,153.0,142.0,112.0,1476.0,1.0,100.0,373.0,39.0,69.0,20.0,102.0,258.0,84.0,87.0,167.0,430.0,482.0,599.0,521.0,316.0,549.0,152.0,426.0,376.0,141.0,15.0,1236.0,394.0,580.0,521.0,236.0
purL_1_25_C,14.0,57.0,8.0,97.0,36.0,104.0,47.0,13.0,6.0,16.0,5.0,60.0,27.0,86.0,62.0,42.0,2.0,6.0,77.0,21.0,3.0,366.0,13.0,0.0,63.0,23.0,8.0,66.0,1.0,78.0,8.0,0.0,0.0,35.0,42.0,26.0,0.0,1.0,2.0,15.0,4.0,49.0,21.0,66.0,33.0,11.0,17.0,76.0,1.0,12.0,28.0,1.0,5.0,22.0,23.0,26.0,40.0,85.0,6.0,85.0,45.0,14.0,16.0,1.0,13.0,42.0,33.0,44.0,33.0,26.0,2.0,75.0,45.0,66.0,56.0,25.0,2.0,78.0,52.0,14.0,68.0,35.0,1.0,7.0,6.0,125.0,112.0,142.0,2.0,42.0,5.0,20.0,2.0,12.0,38.0,0.0,95.0,39.0,18.0,43.0,51.0
purL_3_201_B_MM11,749.0,495.0,964.0,751.0,254.0,180.0,1704.0,733.0,414.0,553.0,359.0,797.0,991.0,897.0,562.0,214.0,545.0,262.0,266.0,222.0,1261.0,3182.0,452.0,526.0,510.0,4397.0,5317.0,2198.0,78.0,10.0,4.0,115.0,8.0,769.0,63.0,490.0,76.0,382.0,826.0,235.0,493.0,510.0,548.0,787.0,376.0,86.0,296.0,167.0,215.0,274.0,77.0,31.0,383.0,1182.0,2454.0,920.0,497.0,552.0,124.0,744.0,656.0,165.0,50.0,43.0,12.0,2197.0,550.0,1233.0,312.0,381.0,729.0,7.0,39.0,114.0,17.0,3480.0,435.0,1365.0,701.0,51.0,20.0,529.0,95.0,80.0,18.0,304.0,787.0,1437.0,407.0,413.0,450.0,200.0,1710.0,1594.0,99.0,5.0,426.0,705.0,3756.0,4318.0,113.0
purL_3_201_B_MM14,1011.0,569.0,646.0,1101.0,241.0,332.0,2217.0,606.0,609.0,552.0,247.0,512.0,625.0,715.0,785.0,353.0,597.0,116.0,204.0,240.0,1726.0,1159.0,591.0,458.0,589.0,4969.0,3796.0,1591.0,2.0,92.0,18.0,7.0,0.0,744.0,147.0,574.0,1.0,822.0,727.0,407.0,612.0,741.0,764.0,711.0,477.0,143.0,374.0,399.0,193.0,639.0,284.0,122.0,459.0,1446.0,1218.0,916.0,791.0,672.0,472.0,1014.0,364.0,71.0,12.0,23.0,20.0,1916.0,246.0,1173.0,118.0,1366.0,1211.0,8.0,177.0,214.0,7.0,866.0,4517.0,1274.0,501.0,98.0,15.0,1539.0,81.0,238.0,25.0,730.0,1538.0,2119.0,267.0,589.0,217.0,183.0,1514.0,1016.0,101.0,33.0,199.0,395.0,5278.0,2620.0,50.0
purL_3_201_B_MM5,967.0,556.0,625.0,675.0,271.0,337.0,2824.0,1000.0,961.0,772.0,453.0,503.0,822.0,697.0,590.0,537.0,406.0,192.0,198.0,237.0,781.0,1213.0,210.0,633.0,867.0,3602.0,3642.0,3801.0,11.0,1.0,46.0,81.0,42.0,610.0,195.0,427.0,6.0,341.0,638.0,494.0,558.0,159.0,709.0,462.0,154.0,49.0,257.0,307.0,151.0,304.0,94.0,13.0,445.0,1138.0,1120.0,687.0,822.0,438.0,200.0,688.0,514.0,115.0,46.0,78.0,18.0,1762.0,88.0,979.0,324.0,532.0,768.0,49.0,69.0,127.0,2.0,698.0,872.0,4321.0,1024.0,65.0,92.0,872.0,56.0,97.0,165.0,889.0,1378.0,1875.0,325.0,558.0,184.0,255.0,728.0,1740.0,42.0,0.0,385.0,401.0,2268.0,1216.0,65.0
purL_3_201_B_MM9,289.0,234.0,388.0,431.0,208.0,183.0,908.0,601.0,848.0,381.0,331.0,263.0,273.0,654.0,621.0,387.0,156.0,105.0,220.0,208.0,272.0,1213.0,117.0,25.0,434.0,2163.0,1443.0,1144.0,17.0,0.0,19.0,46.0,9.0,432.0,45.0,139.0,10.0,403.0,112.0,92.0,276.0,114.0,228.0,329.0,384.0,57.0,188.0,178.0,50.0,164.0,136.0,4.0,125.0,842.0,846.0,162.0,135.0,149.0,176.0,391.0,510.0,52.0,23.0,31.0,11.0,1624.0,116.0,439.0,185.0,253.0,632.0,58.0,34.0,82.0,0.0,486.0,279.0,1036.0,1577.0,66.0,28.0,122.0,84.0,107.0,30.0,191.0,728.0,760.0,49.0,291.0,224.0,117.0,464.0,534.0,22.0,17.0,207.0,298.0,868.0,1371.0,47.0
purL_3_201_C,57.0,60.0,51.0,58.0,0.0,68.0,148.0,68.0,46.0,44.0,54.0,72.0,100.0,24.0,98.0,49.0,15.0,53.0,106.0,13.0,40.0,28.0,29.0,7.0,10.0,178.0,108.0,72.0,13.0,14.0,21.0,10.0,28.0,42.0,11.0,3.0,0.0,16.0,2.0,1.0,9.0,3.0,38.0,83.0,59.0,44.0,11.0,41.0,6.0,24.0,6.0,1.0,34.0,22.0,79.0,46.0,26.0,27.0,12.0,37.0,69.0,22.0,2.0,43.0,0.0,55.0,23.0,145.0,22.0,42.0,60.0,2.0,136.0,69.0,54.0,36.0,86.0,373.0,58.0,251.0,11.0,349.0,64.0,9.0,31.0,99.0,135.0,34.0,50.0,28.0,62.0,33.0,55.0,148.0,28.0,5.0,184.0,135.0,151.0,60.0,42.0
purL_3_201_W_MM1,24.0,77.0,41.0,28.0,5.0,3.0,26.0,95.0,55.0,88.0,2.0,62.0,32.0,10.0,43.0,49.0,3.0,15.0,29.0,4.0,3.0,31.0,4.0,21.0,5.0,75.0,50.0,28.0,1.0,23.0,2.0,6.0,0.0,31.0,30.0,22.0,0.0,33.0,0.0,0.0,31.0,1.0,15.0,21.0,9.0,0.0,4.0,3.0,18.0,11.0,30.0,1.0,13.0,51.0,51.0,7.0,18.0,9.0,1.0,46.0,24.0,6.0,0.0,13.0,0.0,11.0,0.0,43.0,28.0,21.0,12.0,5.0,3.0,17.0,37.0,18.0,15.0,181.0,116.0,10.0,114.0,4.0,7.0,10.0,23.0,66.0,53.0,70.0,1.0,9.0,13.0,61.0,12.0,79.0,50.0,0.0,124.0,13.0,268.0,45.0,37.0
purN_1_86_B_MM12,1269.0,327.0,662.0,835.0,214.0,76.0,2663.0,806.0,221.0,322.0,244.0,157.0,536.0,515.0,755.0,270.0,291.0,23.0,299.0,230.0,1545.0,2760.0,329.0,854.0,848.0,4646.0,2495.0,3116.0,1.0,10.0,32.0,50.0,1.0,1066.0,112.0,222.0,7.0,1371.0,336.0,560.0,804.0,311.0,666.0,801.0,480.0,102.0,485.0,351.0,508.0,250.0,243.0,169.0,476.0,1525.0,1340.0,1233.0,541.0,630.0,339.0,379.0,480.0,51.0,24.0,25.0,4.0,3595.0,166.0,1289.0,341.0,514.0,1092.0,23.0,95.0,206.0,3.0,498.0,398.0,1040.0,126.0,26.0,2.0,4191.0,137.0,153.0,1.0,1211.0,2013.0,2371.0,307.0,1062.0,168.0,236.0,383.0,903.0,16.0,4.0,343.0,735.0,2284.0,1860.0,102.0
purN_1_86_B_MM2,24.0,145.0,105.0,26.0,81.0,19.0,202.0,27.0,51.0,55.0,140.0,197.0,116.0,42.0,149.0,84.0,7.0,20.0,87.0,100.0,27.0,205.0,6.0,6.0,86.0,137.0,76.0,147.0,1.0,50.0,7.0,21.0,29.0,110.0,50.0,16.0,0.0,92.0,2.0,42.0,13.0,15.0,5.0,126.0,33.0,14.0,15.0,106.0,28.0,24.0,32.0,6.0,48.0,115.0,96.0,32.0,43.0,11.0,32.0,37.0,134.0,44.0,50.0,30.0,41.0,55.0,35.0,57.0,11.0,9.0,17.0,50.0,42.0,105.0,0.0,36.0,5.0,55.0,35.0,103.0,9.0,84.0,181.0,63.0,63.0,137.0,73.0,107.0,26.0,155.0,272.0,18.0,115.0,55.0,0.0,0.0,262.0,139.0,183.0,25.0,18.0
purN_1_86_B_MM4,81.0,61.0,161.0,227.0,147.0,57.0,141.0,134.0,45.0,129.0,68.0,89.0,77.0,53.0,179.0,200.0,46.0,75.0,34.0,31.0,7.0,147.0,7.0,49.0,132.0,123.0,120.0,226.0,4.0,18.0,28.0,16.0,14.0,91.0,45.0,12.0,0.0,97.0,9.0,93.0,35.0,78.0,72.0,74.0,85.0,24.0,84.0,54.0,0.0,70.0,6.0,55.0,7.0,93.0,34.0,44.0,34.0,76.0,43.0,45.0,29.0,143.0,14.0,49.0,7.0,101.0,39.0,121.0,22.0,73.0,106.0,32.0,48.0,140.0,0.0,163.0,52.0,164.0,27.0,32.0,18.0,30.0,82.0,348.0,32.0,104.0,208.0,223.0,69.0,214.0,105.0,71.0,45.0,44.0,13.0,7.0,168.0,173.0,379.0,36.0,46.0
purN_1_86_C,70.0,98.0,115.0,155.0,66.0,39.0,136.0,94.0,52.0,37.0,17.0,172.0,158.0,130.0,206.0,201.0,10.0,46.0,65.0,99.0,27.0,95.0,53.0,56.0,81.0,130.0,207.0,107.0,48.0,6.0,15.0,23.0,4.0,30.0,39.0,12.0,0.0,54.0,24.0,21.0,106.0,91.0,62.0,108.0,51.0,367.0,35.0,106.0,85.0,82.0,14.0,27.0,123.0,76.0,71.0,40.0,108.0,101.0,94.0,130.0,43.0,119.0,93.0,6.0,43.0,146.0,106.0,119.0,72.0,87.0,48.0,11.0,50.0,252.0,8.0,53.0,32.0,194.0,75.0,13.0,33.0,66.0,45.0,33.0,446.0,194.0,121.0,217.0,23.0,153.0,163.0,34.0,45.0,140.0,30.0,0.0,167.0,201.0,585.0,65.0,140.0
purN_3_238_B_MM10,2486.0,1362.0,2417.0,2685.0,596.0,1691.0,6559.0,3374.0,2277.0,1520.0,1552.0,821.0,2007.0,2103.0,1674.0,684.0,1277.0,738.0,365.0,685.0,2097.0,2551.0,1053.0,896.0,1853.0,8105.0,6154.0,10448.0,57.0,74.0,40.0,105.0,1.0,695.0,214.0,654.0,260.0,1669.0,1037.0,350.0,623.0,455.0,1811.0,744.0,527.0,101.0,349.0,1294.0,815.0,625.0,751.0,202.0,1124.0,2672.0,2471.0,1256.0,1679.0,1095.0,741.0,1396.0,834.0,135.0,85.0,47.0,157.0,5750.0,458.0,2570.0,372.0,2026.0,1672.0,56.0,675.0,793.0,24.0,1153.0,956.0,1389.0,660.0,132.0,49.0,1262.0,211.0,23.0,165.0,7769.0,3126.0,5691.0,678.0,4886.0,816.0,872.0,2565.0,2366.0,69.0,151.0,6836.0,5650.0,8928.0,5016.0,298.0
purN_3_238_B_MM11,2931.0,1265.0,2715.0,3640.0,678.0,796.0,4849.0,1243.0,2555.0,1833.0,832.0,514.0,1561.0,1472.0,971.0,1277.0,1808.0,727.0,292.0,506.0,4990.0,6214.0,962.0,2006.0,2959.0,9110.0,8509.0,14401.0,39.0,67.0,19.0,177.0,8.0,2312.0,302.0,477.0,36.0,1998.0,819.0,1009.0,947.0,1411.0,2649.0,1352.0,1062.0,125.0,921.0,669.0,1589.0,873.0,264.0,383.0,977.0,2622.0,4094.0,3225.0,1843.0,2631.0,1301.0,2044.0,2476.0,179.0,40.0,76.0,131.0,5791.0,235.0,1571.0,452.0,1868.0,4151.0,94.0,379.0,621.0,115.0,877.0,1009.0,2788.0,436.0,77.0,30.0,2326.0,119.0,134.0,79.0,2280.0,11153.0,5648.0,1423.0,1923.0,708.0,483.0,5726.0,5145.0,93.0,26.0,2255.0,6042.0,11533.0,5556.0,465.0
purN_3_238_B_MM14,2699.0,2075.0,2569.0,2469.0,315.0,323.0,6356.0,1446.0,1818.0,798.0,726.0,1229.0,2786.0,2394.0,944.0,505.0,1455.0,475.0,358.0,582.0,2742.0,7740.0,522.0,762.0,2184.0,10050.0,6190.0,11483.0,168.0,41.0,94.0,118.0,16.0,1380.0,138.0,980.0,90.0,1772.0,1576.0,629.0,1652.0,929.0,1979.0,1756.0,1100.0,291.0,709.0,1227.0,819.0,890.0,722.0,262.0,1651.0,4385.0,2612.0,2571.0,2706.0,2357.0,684.0,1460.0,1035.0,173.0,37.0,94.0,34.0,5893.0,1101.0,3301.0,975.0,1746.0,4012.0,49.0,220.0,702.0,8.0,1108.0,1534.0,2682.0,432.0,42.0,44.0,2517.0,106.0,133.0,137.0,2112.0,4957.0,16850.0,930.0,1502.0,502.0,452.0,2960.0,2790.0,129.0,57.0,1518.0,4423.0,10005.0,3780.0,291.0
purN_3_238_B_MM4,559.0,686.0,679.0,972.0,431.0,496.0,869.0,1547.0,546.0,1068.0,378.0,356.0,867.0,473.0,579.0,236.0,708.0,208.0,236.0,297.0,441.0,1283.0,412.0,284.0,1305.0,2102.0,1278.0,2199.0,20.0,42.0,148.0,28.0,3.0,338.0,341.0,126.0,91.0,429.0,34.0,100.0,88.0,256.0,316.0,331.0,258.0,191.0,167.0,86.0,206.0,203.0,153.0,176.0,892.0,554.0,615.0,574.0,473.0,575.0,139.0,483.0,335.0,117.0,47.0,12.0,5.0,1389.0,244.0,1303.0,107.0,690.0,474.0,26.0,399.0,375.0,3.0,377.0,731.0,469.0,230.0,56.0,68.0,412.0,32.0,146.0,16.0,667.0,1535.0,1416.0,2267.0,1136.0,393.0,304.0,1116.0,443.0,51.0,16.0,1194.0,1212.0,1824.0,1684.0,282.0
purN_3_238_B_MM5,1600.0,1118.0,1675.0,1923.0,1132.0,752.0,2986.0,2563.0,2085.0,1284.0,300.0,1170.0,1977.0,1012.0,673.0,1052.0,330.0,163.0,670.0,453.0,1100.0,2959.0,323.0,650.0,1087.0,3512.0,2923.0,6936.0,65.0,81.0,53.0,30.0,25.0,747.0,266.0,583.0,154.0,734.0,338.0,221.0,647.0,227.0,1181.0,1083.0,613.0,205.0,510.0,883.0,382.0,522.0,362.0,84.0,597.0,1793.0,1313.0,1451.0,1580.0,1947.0,702.0,486.0,1328.0,108.0,124.0,127.0,21.0,2461.0,794.0,2050.0,370.0,882.0,1754.0,113.0,294.0,833.0,38.0,1133.0,685.0,1289.0,370.0,180.0,72.0,1481.0,107.0,137.0,180.0,2424.0,3818.0,4099.0,1179.0,7232.0,696.0,595.0,2544.0,1336.0,38.0,24.0,2629.0,3007.0,5069.0,4303.0,316.0
purN_3_238_C,380.0,371.0,531.0,524.0,569.0,391.0,562.0,456.0,289.0,664.0,190.0,288.0,474.0,317.0,670.0,452.0,123.0,322.0,227.0,158.0,417.0,376.0,170.0,141.0,662.0,1326.0,541.0,865.0,0.0,101.0,37.0,128.0,1.0,398.0,336.0,193.0,110.0,40.0,38.0,145.0,279.0,83.0,187.0,402.0,249.0,131.0,243.0,265.0,64.0,43.0,146.0,78.0,162.0,261.0,643.0,330.0,296.0,187.0,159.0,185.0,364.0,75.0,97.0,43.0,6.0,824.0,183.0,310.0,48.0,255.0,253.0,18.0,403.0,564.0,87.0,376.0,519.0,640.0,159.0,35.0,85.0,383.0,105.0,43.0,10.0,691.0,365.0,491.0,408.0,536.0,1155.0,593.0,569.0,225.0,55.0,2.0,463.0,552.0,987.0,682.0,149.0
purN_3_238_W_MM1,198.0,478.0,608.0,417.0,206.0,249.0,596.0,567.0,398.0,604.0,279.0,474.0,720.0,298.0,711.0,178.0,84.0,117.0,455.0,466.0,228.0,364.0,187.0,91.0,503.0,583.0,513.0,745.0,67.0,67.0,31.0,40.0,46.0,475.0,91.0,79.0,9.0,209.0,58.0,26.0,98.0,37.0,169.0,175.0,232.0,354.0,35.0,94.0,91.0,107.0,144.0,56.0,106.0,230.0,288.0,277.0,159.0,255.0,109.0,146.0,377.0,49.0,52.0,84.0,29.0,580.0,127.0,258.0,195.0,203.0,217.0,60.0,133.0,396.0,50.0,364.0,166.0,415.0,263.0,72.0,47.0,111.0,41.0,118.0,9.0,689.0,834.0,661.0,390.0,746.0,495.0,1744.0,507.0,218.0,101.0,2.0,657.0,415.0,970.0,661.0,128.0
thyA_1_60_B_MM12,1931.0,1166.0,666.0,1248.0,544.0,425.0,2336.0,813.0,515.0,535.0,538.0,747.0,764.0,1228.0,714.0,268.0,837.0,508.0,441.0,186.0,1571.0,1909.0,514.0,574.0,1513.0,5542.0,3474.0,3324.0,10.0,1.0,17.0,62.0,0.0,1457.0,239.0,354.0,77.0,548.0,292.0,836.0,1056.0,624.0,1525.0,1612.0,731.0,199.0,790.0,754.0,342.0,405.0,407.0,523.0,1078.0,1844.0,2299.0,1125.0,943.0,836.0,564.0,1070.0,1390.0,298.0,82.0,91.0,0.0,3619.0,783.0,2156.0,660.0,1064.0,1754.0,8.0,118.0,349.0,14.0,2036.0,1419.0,988.0,169.0,51.0,1.0,550.0,160.0,416.0,217.0,2253.0,4722.0,3061.0,682.0,1794.0,506.0,296.0,4579.0,1370.0,172.0,56.0,481.0,1406.0,3354.0,3428.0,39.0
thyA_1_60_B_MM13,1299.0,202.0,385.0,1678.0,67.0,502.0,3201.0,522.0,444.0,381.0,202.0,727.0,844.0,736.0,481.0,135.0,645.0,105.0,336.0,57.0,1929.0,2704.0,528.0,406.0,680.0,4882.0,5812.0,5731.0,21.0,3.0,0.0,41.0,1.0,2146.0,149.0,195.0,23.0,1287.0,344.0,234.0,569.0,219.0,1140.0,810.0,510.0,167.0,764.0,1099.0,334.0,760.0,396.0,212.0,1437.0,2078.0,1344.0,1553.0,1411.0,944.0,194.0,862.0,2849.0,78.0,42.0,4.0,31.0,3364.0,367.0,2201.0,102.0,581.0,2226.0,15.0,419.0,404.0,1.0,1273.0,689.0,3058.0,806.0,67.0,6.0,888.0,118.0,106.0,35.0,1308.0,2623.0,2530.0,304.0,978.0,200.0,242.0,1380.0,4354.0,11.0,60.0,414.0,476.0,2883.0,2377.0,34.0
thyA_1_60_B_MM2,45.0,51.0,43.0,116.0,65.0,112.0,32.0,77.0,64.0,89.0,57.0,129.0,90.0,33.0,107.0,34.0,38.0,18.0,138.0,116.0,13.0,168.0,31.0,10.0,26.0,389.0,401.0,120.0,29.0,53.0,53.0,34.0,6.0,61.0,128.0,60.0,1.0,30.0,26.0,26.0,24.0,59.0,57.0,62.0,42.0,7.0,11.0,21.0,27.0,10.0,13.0,5.0,37.0,107.0,33.0,107.0,33.0,44.0,86.0,44.0,75.0,6.0,0.0,0.0,0.0,167.0,49.0,26.0,9.0,8.0,129.0,78.0,75.0,101.0,0.0,82.0,107.0,69.0,7.0,42.0,6.0,10.0,9.0,16.0,29.0,103.0,29.0,338.0,44.0,95.0,111.0,143.0,451.0,17.0,389.0,80.0,345.0,207.0,182.0,57.0,39.0
thyA_1_60_C,3.0,4.0,30.0,2.0,24.0,25.0,9.0,22.0,22.0,0.0,21.0,44.0,27.0,23.0,15.0,183.0,17.0,10.0,32.0,5.0,7.0,34.0,31.0,0.0,0.0,33.0,4.0,10.0,0.0,0.0,14.0,48.0,50.0,2.0,3.0,0.0,0.0,2.0,0.0,0.0,17.0,4.0,0.0,3.0,25.0,79.0,3.0,0.0,0.0,0.0,0.0,0.0,1.0,4.0,1.0,21.0,12.0,3.0,0.0,0.0,7.0,7.0,0.0,0.0,0.0,13.0,0.0,14.0,0.0,13.0,28.0,0.0,51.0,12.0,0.0,5.0,8.0,9.0,9.0,1.0,0.0,12.0,0.0,19.0,7.0,49.0,37.0,32.0,0.0,7.0,7.0,16.0,15.0,8.0,10.0,31.0,92.0,0.0,21.0,21.0,29.0
thyA_3_233_B_MM4,390.0,181.0,313.0,181.0,72.0,235.0,786.0,453.0,325.0,101.0,100.0,231.0,226.0,278.0,687.0,404.0,194.0,94.0,108.0,124.0,276.0,534.0,92.0,112.0,272.0,1727.0,763.0,487.0,53.0,70.0,128.0,83.0,8.0,140.0,563.0,84.0,25.0,186.0,121.0,99.0,260.0,167.0,132.0,376.0,59.0,239.0,253.0,221.0,79.0,70.0,30.0,11.0,78.0,438.0,216.0,384.0,205.0,132.0,164.0,245.0,267.0,38.0,35.0,9.0,0.0,631.0,59.0,323.0,44.0,134.0,1157.0,25.0,332.0,341.0,16.0,80.0,201.0,152.0,34.0,64.0,57.0,99.0,83.0,255.0,88.0,1652.0,878.0,1048.0,560.0,1277.0,442.0,251.0,511.0,548.0,107.0,7.0,1633.0,895.0,2170.0,1291.0,379.0
thyA_3_233_B_MM5,564.0,574.0,685.0,879.0,197.0,350.0,2549.0,511.0,463.0,227.0,317.0,454.0,689.0,1111.0,1205.0,718.0,709.0,207.0,254.0,297.0,703.0,1710.0,170.0,109.0,840.0,10103.0,3568.0,3071.0,31.0,18.0,97.0,136.0,37.0,780.0,438.0,139.0,10.0,226.0,263.0,320.0,211.0,101.0,195.0,170.0,447.0,99.0,262.0,207.0,243.0,183.0,144.0,31.0,147.0,611.0,940.0,662.0,951.0,496.0,167.0,1483.0,845.0,31.0,2.0,4.0,3.0,2914.0,60.0,362.0,36.0,468.0,1417.0,97.0,377.0,259.0,40.0,343.0,407.0,796.0,271.0,19.0,59.0,554.0,87.0,71.0,26.0,3001.0,4988.0,3154.0,577.0,1946.0,595.0,399.0,1155.0,332.0,51.0,31.0,607.0,3536.0,6147.0,6384.0,282.0
thyA_3_233_B_MM6,2397.0,1041.0,2559.0,2856.0,515.0,769.0,11346.0,1667.0,1396.0,661.0,662.0,2095.0,1769.0,1399.0,1334.0,885.0,2749.0,290.0,258.0,481.0,4190.0,9941.0,1617.0,1431.0,2081.0,17869.0,5432.0,14786.0,10.0,288.0,96.0,123.0,28.0,3555.0,744.0,1433.0,4.0,2287.0,1854.0,1763.0,2310.0,920.0,2802.0,1420.0,1166.0,236.0,911.0,2465.0,1085.0,1208.0,381.0,798.0,1106.0,5408.0,5850.0,4383.0,2373.0,2373.0,1520.0,3132.0,1362.0,109.0,81.0,25.0,30.0,9335.0,249.0,1478.0,40.0,3055.0,4919.0,72.0,768.0,777.0,16.0,4031.0,2405.0,2835.0,727.0,235.0,62.0,3173.0,144.0,142.0,122.0,2154.0,4336.0,9331.0,711.0,2131.0,615.0,366.0,2556.0,1444.0,138.0,35.0,1243.0,2781.0,23736.0,13091.0,599.0
thyA_3_233_B_MM7,3238.0,731.0,2328.0,2226.0,261.0,584.0,5550.0,1361.0,1341.0,1541.0,397.0,714.0,1985.0,2438.0,1571.0,454.0,1741.0,251.0,329.0,758.0,4038.0,6718.0,1178.0,1203.0,3521.0,11996.0,7434.0,12313.0,15.0,53.0,7.0,116.0,102.0,6231.0,905.0,503.0,113.0,2255.0,1146.0,766.0,2750.0,896.0,2775.0,1309.0,1397.0,126.0,832.0,1685.0,1520.0,1539.0,658.0,325.0,2085.0,4494.0,3839.0,3183.0,2625.0,3913.0,1393.0,2827.0,1855.0,51.0,2.0,5.0,8.0,3475.0,248.0,2721.0,169.0,950.0,3163.0,35.0,308.0,655.0,31.0,2296.0,784.0,3079.0,573.0,101.0,25.0,1600.0,31.0,97.0,118.0,3374.0,4322.0,4555.0,896.0,2979.0,415.0,496.0,1751.0,1573.0,159.0,5.0,1251.0,2791.0,15821.0,13717.0,186.0
thyA_3_233_C,325.0,407.0,234.0,338.0,229.0,145.0,225.0,308.0,147.0,85.0,113.0,698.0,204.0,140.0,614.0,330.0,140.0,82.0,198.0,117.0,189.0,291.0,79.0,12.0,156.0,542.0,285.0,530.0,48.0,4.0,167.0,61.0,13.0,172.0,287.0,28.0,16.0,270.0,5.0,74.0,147.0,98.0,332.0,277.0,223.0,269.0,66.0,96.0,75.0,85.0,179.0,12.0,111.0,221.0,123.0,91.0,168.0,147.0,13.0,170.0,155.0,25.0,24.0,54.0,1.0,300.0,56.0,156.0,91.0,154.0,456.0,100.0,384.0,300.0,8.0,162.0,144.0,176.0,93.0,62.0,38.0,155.0,78.0,94.0,63.0,605.0,423.0,539.0,106.0,421.0,129.0,270.0,289.0,116.0,156.0,27.0,641.0,1064.0,4355.0,1738.0,914.0
