,dapA_1_98_B_MM3,dapA_1_98_B_MM7,dapA_1_98_B_MM9,dapA_1_98_C,dapB_3_239_B_MM10,dapB_3_239_B_MM6,dapB_3_239_B_MM9,dapB_3_239_C,dapD_1_42_C,dapD_1_42_MM10,dapD_1_42_MM4,dapD_1_42_MM6,dapD_1_42_MM8,dapF_1_79_C,dapF_1_79_MM10,dapF_1_79_MM4,dapF_1_79_MM6,dapF_1_79_MM8,dnaB_1_16_B_MM4,dnaB_1_16_B_MM6,dnaB_1_16_B_MM8,dnaB_1_16_C,dnaE_1_10_B_MM10,dnaE_1_10_B_MM5,dnaE_1_10_B_MM8,dnaE_1_10_C,dnaX_1_33_B_MM3,dnaX_1_33_B_MM6,dnaX_1_33_B_MM9,dnaX_1_33_C,eno_3_219_B_MM10,eno_3_219_B_MM5,eno_3_219_B_MM8,eno_3_219_C,fake_negC_rand_42,fbaA_1_28_B_MM5,fbaA_1_28_B_MM7,fbaA_1_28_B_MM9,fbaA_1_28_C,gapA_1_33_B_MM10,gapA_1_33_B_MM5,gapA_1_33_B_MM8,gapA_1_33_C,holB_3_220_B_MM10,holB_3_220_B_MM5,holB_3_220_B_MM9,holB_3_220_C,ligA_1_82_B_MM5,ligA_1_82_B_MM7,ligA_1_82_B_MM9,ligA_1_82_C,negC_rand_42,parE_1_26_B_MM10,parE_1_26_B_MM5,parE_1_26_B_MM8,parE_1_26_C,pfkA_1_43_B_MM10,pfkA_1_43_B_MM5,pfkA_1_43_B_MM9,pfkA_1_43_C,pgi_3_279_B_MM10,pgi_3_279_B_MM5,pgi_3_279_B_MM8,pgi_3_279_C,purD_1_47_C,purD_1_47_MM10,purD_1_47_MM4,purD_1_47_MM6,purD_1_47_MM8,purF_1_23_C,purF_1_23_MM10,purF_1_23_MM4,purF_1_23_MM6,purF_1_23_MM8,purL_1_25_B_MM3,purL_1_25_B_MM8,purL_1_25_B_MM9,purL_1_25_C,purN_3_238_B_MM10,purN_3_238_B_MM5,purN_3_238_B_MM8,purN_3_238_C,tpiA_1_45_B_MM10,tpiA_1_45_B_MM4,tpiA_1_45_B_MM7,tpiA_1_45_C
dapA_1_98_B_MM3,28886.0,6931.0,11446.0,252.0,15008.0,5713.0,5051.0,6736.0,3951.0,4652.0,3035.0,2674.0,8404.0,2070.0,2766.0,2496.0,5133.0,8012.0,339.0,391.0,665.0,235.0,627.0,798.0,2813.0,714.0,160.0,188.0,3192.0,43.0,604.0,523.0,404.0,146.0,5811.0,116.0,4436.0,5629.0,214.0,5964.0,1694.0,2700.0,465.0,4213.0,195.0,2517.0,199.0,97.0,411.0,145.0,336.0,1344.0,5119.0,3179.0,1984.0,2393.0,17310.0,3958.0,1912.0,1521.0,4763.0,1944.0,2525.0,3737.0,486.0,3954.0,477.0,1477.0,627.0,273.0,68.0,1060.0,1106.0,479.0,371.0,1848.0,3479.0,426.0,6768.0,4423.0,0.0,5852.0,886.0,3357.0,2788.0,1793.0
dapA_1_98_B_MM7,4335.0,22268.0,5619.0,315.0,4776.0,2900.0,4422.0,4801.0,3923.0,2855.0,2641.0,3255.0,4078.0,1192.0,2955.0,4807.0,4532.0,6711.0,196.0,179.0,525.0,119.0,162.0,670.0,788.0,860.0,153.0,135.0,3622.0,33.0,75.0,311.0,334.0,170.0,4000.0,30.0,2465.0,3611.0,91.0,2680.0,1468.0,1487.0,240.0,2758.0,189.0,1431.0,102.0,112.0,683.0,705.0,37.0,1659.0,3037.0,2220.0,484.0,2619.0,9062.0,2411.0,984.0,761.0,1171.0,3802.0,4888.0,1096.0,212.0,1813.0,205.0,208.0,379.0,14.0,147.0,350.0,642.0,234.0,295.0,1385.0,2181.0,352.0,2991.0,4865.0,0.0,5885.0,798.0,2287.0,4438.0,1198.0
dapA_1_98_B_MM9,6433.0,11666.0,47371.0,2190.0,12759.0,7390.0,14849.0,5920.0,5101.0,10109.0,2388.0,4208.0,7771.0,976.0,8664.0,5048.0,7580.0,18098.0,260.0,436.0,1382.0,271.0,739.0,2058.0,4296.0,1391.0,253.0,138.0,6795.0,53.0,1386.0,502.0,998.0,139.0,13589.0,525.0,3496.0,5102.0,182.0,4141.0,1712.0,774.0,1394.0,5947.0,202.0,2809.0,98.0,53.0,737.0,516.0,272.0,5165.0,5498.0,3815.0,2121.0,1698.0,32555.0,4372.0,2125.0,1625.0,8103.0,4466.0,1544.0,897.0,129.0,8275.0,560.0,623.0,804.0,30.0,26.0,670.0,872.0,655.0,232.0,1329.0,5709.0,158.0,9752.0,4192.0,0.0,8252.0,2912.0,2056.0,2595.0,3019.0
dapA_1_98_C,2689.0,225.0,2221.0,5080.0,1905.0,2249.0,1076.0,714.0,753.0,740.0,712.0,330.0,2848.0,963.0,503.0,781.0,708.0,1880.0,33.0,480.0,224.0,27.0,50.0,195.0,369.0,432.0,8.0,64.0,377.0,0.0,558.0,70.0,197.0,16.0,1827.0,14.0,229.0,1051.0,106.0,156.0,276.0,985.0,36.0,176.0,32.0,987.0,4.0,62.0,33.0,72.0,326.0,79.0,1366.0,800.0,75.0,191.0,4979.0,1279.0,371.0,338.0,2486.0,2458.0,29.0,819.0,70.0,1281.0,110.0,60.0,109.0,9.0,138.0,288.0,36.0,261.0,25.0,578.0,816.0,288.0,2701.0,1301.0,0.0,1264.0,53.0,732.0,1624.0,348.0
dapB_3_239_B_MM10,11874.0,2709.0,10564.0,1575.0,28287.0,3555.0,3721.0,4324.0,1743.0,3907.0,2501.0,2835.0,3872.0,1095.0,1558.0,4901.0,2716.0,7752.0,124.0,485.0,712.0,263.0,201.0,2004.0,1839.0,362.0,119.0,98.0,2866.0,31.0,1616.0,326.0,900.0,91.0,6603.0,28.0,1181.0,2921.0,675.0,3418.0,774.0,1928.0,1402.0,5150.0,293.0,1880.0,213.0,336.0,259.0,804.0,683.0,1928.0,9348.0,3097.0,1258.0,2705.0,13325.0,2421.0,2052.0,2007.0,5204.0,1749.0,920.0,1593.0,88.0,3095.0,838.0,952.0,569.0,478.0,204.0,331.0,914.0,224.0,589.0,1977.0,4986.0,409.0,5793.0,5204.0,0.0,6596.0,1711.0,2090.0,3421.0,1623.0
dapB_3_239_B_MM6,6577.0,5814.0,6278.0,2902.0,5227.0,17895.0,3908.0,2978.0,1724.0,903.0,1902.0,2662.0,2091.0,657.0,2139.0,2882.0,3180.0,4728.0,136.0,205.0,279.0,125.0,81.0,940.0,1949.0,503.0,70.0,49.0,829.0,15.0,1177.0,278.0,1227.0,222.0,3378.0,103.0,1039.0,3927.0,303.0,2553.0,483.0,1477.0,488.0,3596.0,490.0,1102.0,37.0,16.0,758.0,277.0,204.0,564.0,7716.0,2919.0,1147.0,439.0,11962.0,3748.0,976.0,1356.0,5740.0,691.0,104.0,1556.0,122.0,2539.0,612.0,574.0,246.0,56.0,25.0,624.0,879.0,507.0,186.0,2015.0,2313.0,230.0,3898.0,2790.0,0.0,3226.0,736.0,1527.0,3205.0,1479.0
dapB_3_239_B_MM9,4991.0,1702.0,9930.0,841.0,6923.0,3584.0,12929.0,2398.0,975.0,1351.0,1675.0,3405.0,2517.0,998.0,1179.0,1770.0,2910.0,2109.0,47.0,117.0,103.0,59.0,218.0,289.0,1214.0,97.0,23.0,74.0,1323.0,30.0,421.0,354.0,776.0,90.0,3681.0,15.0,1448.0,1467.0,105.0,2298.0,597.0,3973.0,670.0,771.0,169.0,701.0,9.0,26.0,267.0,175.0,328.0,1856.0,2618.0,3261.0,2615.0,1615.0,12833.0,1313.0,449.0,1796.0,1995.0,362.0,86.0,910.0,108.0,1860.0,338.0,438.0,218.0,277.0,10.0,557.0,358.0,90.0,285.0,1150.0,485.0,75.0,5086.0,4025.0,0.0,7524.0,426.0,928.0,1314.0,879.0
dapB_3_239_C,6726.0,3011.0,5030.0,1100.0,5321.0,3772.0,2004.0,15460.0,1289.0,1458.0,2417.0,1216.0,5720.0,1708.0,1121.0,1761.0,1211.0,2425.0,140.0,101.0,213.0,238.0,744.0,1005.0,1948.0,389.0,329.0,77.0,571.0,33.0,134.0,674.0,1732.0,412.0,8078.0,277.0,1871.0,3338.0,166.0,2316.0,1851.0,3250.0,1481.0,1401.0,427.0,1821.0,138.0,68.0,611.0,61.0,38.0,733.0,2962.0,2770.0,1542.0,1013.0,10891.0,3600.0,359.0,1014.0,3749.0,1454.0,1607.0,3008.0,91.0,1572.0,460.0,196.0,566.0,15.0,178.0,659.0,785.0,259.0,560.0,864.0,1044.0,595.0,2682.0,2662.0,0.0,2759.0,185.0,1892.0,5019.0,1280.0
dapD_1_42_C,5099.0,1430.0,3475.0,3426.0,2949.0,1648.0,557.0,2865.0,9562.0,777.0,1130.0,1438.0,2634.0,857.0,729.0,1679.0,2045.0,2736.0,70.0,213.0,823.0,148.0,417.0,826.0,1400.0,213.0,91.0,243.0,899.0,4.0,923.0,202.0,1541.0,151.0,1833.0,82.0,2094.0,1569.0,296.0,1994.0,648.0,577.0,166.0,886.0,349.0,1038.0,56.0,20.0,59.0,222.0,139.0,395.0,2251.0,3075.0,1546.0,328.0,5747.0,1314.0,530.0,1023.0,3611.0,650.0,66.0,1600.0,103.0,1500.0,366.0,174.0,357.0,49.0,24.0,622.0,755.0,386.0,131.0,1109.0,1601.0,76.0,2198.0,2070.0,0.0,5761.0,884.0,1327.0,2463.0,729.0
dapD_1_42_MM10,3488.0,4202.0,6837.0,846.0,3876.0,2897.0,2162.0,701.0,823.0,13167.0,1948.0,1195.0,2328.0,161.0,3693.0,907.0,2012.0,6075.0,16.0,73.0,426.0,92.0,75.0,474.0,1603.0,284.0,12.0,11.0,1818.0,2.0,315.0,104.0,468.0,177.0,4568.0,13.0,1925.0,2224.0,235.0,3285.0,466.0,586.0,287.0,2499.0,229.0,814.0,16.0,357.0,180.0,40.0,83.0,4111.0,6548.0,2709.0,1059.0,750.0,12002.0,421.0,107.0,1408.0,3387.0,451.0,50.0,1014.0,59.0,5092.0,433.0,196.0,74.0,143.0,270.0,81.0,389.0,348.0,21.0,672.0,1548.0,125.0,1850.0,2497.0,0.0,4552.0,2287.0,1623.0,2656.0,1263.0
dapD_1_42_MM4,1698.0,1664.0,3712.0,584.0,1205.0,851.0,1139.0,2570.0,915.0,1119.0,5906.0,2076.0,2256.0,216.0,2613.0,313.0,838.0,2412.0,18.0,30.0,263.0,100.0,227.0,132.0,689.0,679.0,54.0,127.0,1177.0,2.0,235.0,27.0,467.0,105.0,2231.0,111.0,1266.0,923.0,219.0,3958.0,609.0,218.0,463.0,506.0,176.0,486.0,52.0,21.0,82.0,472.0,36.0,505.0,1498.0,1131.0,118.0,448.0,3295.0,1368.0,417.0,1272.0,1799.0,1041.0,355.0,1129.0,145.0,1493.0,674.0,265.0,248.0,49.0,123.0,454.0,437.0,123.0,286.0,2140.0,3542.0,923.0,3499.0,1100.0,0.0,3447.0,442.0,300.0,2189.0,579.0
dapD_1_42_MM6,2680.0,608.0,3298.0,1463.0,1823.0,1870.0,1064.0,1264.0,453.0,2554.0,1084.0,10113.0,1274.0,585.0,1634.0,809.0,1826.0,2803.0,278.0,85.0,365.0,43.0,143.0,1204.0,1748.0,944.0,45.0,198.0,718.0,4.0,107.0,165.0,1455.0,224.0,4490.0,11.0,1715.0,970.0,165.0,788.0,415.0,959.0,208.0,957.0,39.0,1607.0,88.0,47.0,112.0,329.0,80.0,198.0,3743.0,3563.0,903.0,692.0,6868.0,1279.0,958.0,1173.0,1685.0,709.0,47.0,1462.0,100.0,1288.0,528.0,177.0,405.0,7.0,41.0,749.0,524.0,259.0,406.0,1275.0,1915.0,308.0,1891.0,2258.0,0.0,2962.0,542.0,1434.0,1569.0,356.0
dapD_1_42_MM8,2930.0,1560.0,6178.0,581.0,4948.0,1333.0,4455.0,2915.0,2375.0,1495.0,2189.0,962.0,12340.0,996.0,1101.0,756.0,2297.0,4501.0,150.0,101.0,88.0,402.0,214.0,910.0,1370.0,280.0,51.0,61.0,412.0,0.0,1132.0,225.0,767.0,456.0,5726.0,258.0,1355.0,642.0,125.0,2602.0,1792.0,737.0,892.0,2225.0,234.0,560.0,97.0,314.0,105.0,476.0,215.0,193.0,3440.0,2262.0,259.0,1306.0,8697.0,3803.0,345.0,1607.0,1469.0,217.0,751.0,1364.0,93.0,1651.0,549.0,214.0,331.0,23.0,121.0,551.0,542.0,719.0,263.0,1569.0,4010.0,160.0,3246.0,3057.0,0.0,3898.0,466.0,1203.0,1411.0,685.0
dapF_1_79_C,1285.0,2601.0,3649.0,813.0,1185.0,1251.0,1000.0,615.0,629.0,927.0,868.0,1044.0,661.0,4438.0,591.0,2751.0,790.0,1846.0,58.0,22.0,76.0,92.0,181.0,99.0,677.0,559.0,218.0,81.0,177.0,3.0,88.0,716.0,204.0,116.0,736.0,26.0,198.0,717.0,334.0,735.0,1348.0,434.0,308.0,564.0,88.0,218.0,34.0,5.0,25.0,136.0,28.0,446.0,1465.0,978.0,90.0,992.0,3422.0,3055.0,1996.0,786.0,2189.0,1158.0,103.0,1948.0,32.0,726.0,56.0,188.0,175.0,16.0,35.0,127.0,155.0,78.0,244.0,626.0,1691.0,17.0,605.0,632.0,0.0,3740.0,62.0,1228.0,867.0,415.0
dapF_1_79_MM10,4706.0,4663.0,6813.0,396.0,2566.0,2478.0,834.0,2192.0,1193.0,1656.0,552.0,662.0,1366.0,749.0,10478.0,2947.0,5323.0,9893.0,207.0,63.0,62.0,84.0,50.0,1234.0,1929.0,933.0,35.0,10.0,3026.0,5.0,335.0,148.0,265.0,183.0,3019.0,26.0,878.0,1869.0,435.0,2817.0,336.0,547.0,682.0,2352.0,77.0,666.0,36.0,137.0,173.0,224.0,90.0,1387.0,2997.0,2382.0,311.0,1989.0,7191.0,3807.0,906.0,1517.0,2748.0,1653.0,80.0,3137.0,60.0,8202.0,371.0,214.0,67.0,22.0,64.0,319.0,125.0,136.0,77.0,954.0,1626.0,33.0,870.0,2829.0,0.0,4267.0,804.0,664.0,1265.0,722.0
dapF_1_79_MM4,4810.0,4483.0,9259.0,521.0,1478.0,1498.0,1302.0,3415.0,2686.0,3496.0,1681.0,1287.0,3176.0,417.0,4583.0,14637.0,2337.0,3883.0,135.0,53.0,511.0,96.0,320.0,1635.0,3882.0,825.0,163.0,712.0,3687.0,5.0,1159.0,431.0,645.0,102.0,5901.0,154.0,1020.0,1518.0,151.0,2482.0,665.0,1533.0,541.0,1947.0,246.0,924.0,97.0,115.0,318.0,747.0,645.0,1668.0,5477.0,1570.0,2167.0,1661.0,16050.0,4395.0,744.0,1686.0,4375.0,766.0,222.0,1433.0,46.0,2357.0,631.0,500.0,247.0,26.0,100.0,472.0,722.0,171.0,226.0,432.0,3376.0,386.0,2167.0,2538.0,0.0,6083.0,1500.0,1529.0,3734.0,2230.0
dapF_1_79_MM6,3986.0,4343.0,12253.0,903.0,5700.0,3111.0,2595.0,1991.0,935.0,705.0,1397.0,3671.0,3087.0,1694.0,3498.0,7813.0,15000.0,8319.0,90.0,183.0,568.0,357.0,58.0,2640.0,2222.0,1184.0,186.0,133.0,4033.0,4.0,1597.0,143.0,369.0,216.0,1333.0,84.0,2345.0,6239.0,169.0,2214.0,411.0,1966.0,104.0,2182.0,380.0,722.0,381.0,712.0,191.0,96.0,85.0,2064.0,6136.0,4810.0,1177.0,2154.0,19136.0,1787.0,1123.0,1170.0,4887.0,1903.0,123.0,1998.0,447.0,8994.0,273.0,346.0,354.0,51.0,34.0,197.0,315.0,221.0,302.0,463.0,3729.0,146.0,4282.0,2476.0,0.0,5096.0,532.0,2196.0,7220.0,2267.0
dapF_1_79_MM8,5699.0,5613.0,10964.0,2303.0,6970.0,3353.0,3901.0,2423.0,1547.0,7131.0,2861.0,3177.0,4192.0,1150.0,3150.0,3581.0,7884.0,29138.0,189.0,249.0,612.0,125.0,396.0,1419.0,2547.0,1707.0,139.0,69.0,5411.0,17.0,1407.0,262.0,1114.0,108.0,10256.0,216.0,2301.0,8097.0,241.0,5322.0,1308.0,2805.0,536.0,8802.0,373.0,3205.0,49.0,267.0,944.0,956.0,206.0,1864.0,4828.0,3211.0,2447.0,1303.0,15166.0,2608.0,540.0,2601.0,8819.0,4613.0,546.0,583.0,292.0,5136.0,487.0,491.0,459.0,383.0,354.0,623.0,404.0,291.0,409.0,3016.0,3661.0,172.0,8950.0,3640.0,0.0,14044.0,3081.0,3293.0,3017.0,1557.0
dnaB_1_16_B_MM4,323.0,563.0,368.0,16.0,403.0,96.0,476.0,650.0,126.0,104.0,109.0,104.0,210.0,239.0,139.0,378.0,234.0,477.0,919.0,141.0,221.0,229.0,102.0,48.0,198.0,52.0,30.0,11.0,82.0,1.0,75.0,78.0,102.0,45.0,426.0,66.0,85.0,238.0,122.0,88.0,5.0,17.0,9.0,322.0,1.0,22.0,138.0,4.0,4.0,24.0,2.0,63.0,54.0,307.0,143.0,130.0,407.0,460.0,142.0,421.0,112.0,16.0,66.0,17.0,75.0,461.0,120.0,103.0,189.0,5.0,12.0,83.0,202.0,42.0,148.0,62.0,263.0,28.0,199.0,127.0,0.0,401.0,26.0,445.0,495.0,101.0
dnaB_1_16_B_MM6,398.0,223.0,597.0,122.0,676.0,288.0,207.0,535.0,309.0,193.0,166.0,74.0,171.0,159.0,267.0,1358.0,355.0,632.0,510.0,1183.0,237.0,359.0,83.0,192.0,258.0,49.0,36.0,12.0,118.0,0.0,243.0,49.0,121.0,9.0,494.0,123.0,22.0,101.0,22.0,114.0,55.0,108.0,63.0,526.0,18.0,124.0,41.0,13.0,77.0,7.0,11.0,15.0,442.0,478.0,53.0,261.0,557.0,287.0,68.0,300.0,446.0,129.0,65.0,46.0,67.0,198.0,125.0,113.0,79.0,3.0,0.0,18.0,230.0,57.0,21.0,200.0,476.0,1.0,105.0,335.0,0.0,428.0,132.0,462.0,322.0,28.0
dnaB_1_16_B_MM8,1279.0,330.0,669.0,195.0,1256.0,874.0,284.0,490.0,616.0,2022.0,963.0,268.0,655.0,245.0,473.0,365.0,733.0,1032.0,67.0,168.0,2722.0,213.0,360.0,84.0,613.0,228.0,76.0,6.0,285.0,26.0,888.0,278.0,40.0,24.0,3231.0,115.0,196.0,164.0,32.0,104.0,124.0,116.0,39.0,857.0,77.0,183.0,12.0,3.0,21.0,8.0,11.0,36.0,2051.0,414.0,444.0,266.0,2748.0,1688.0,154.0,243.0,845.0,164.0,657.0,310.0,28.0,776.0,385.0,70.0,101.0,5.0,21.0,143.0,116.0,216.0,10.0,235.0,283.0,3.0,911.0,341.0,0.0,629.0,128.0,295.0,388.0,218.0
dnaB_1_16_C,114.0,385.0,515.0,185.0,505.0,126.0,237.0,358.0,190.0,120.0,72.0,271.0,98.0,63.0,129.0,301.0,406.0,330.0,210.0,114.0,171.0,1068.0,98.0,119.0,311.0,43.0,113.0,21.0,83.0,8.0,312.0,36.0,151.0,42.0,1249.0,94.0,82.0,68.0,28.0,94.0,67.0,93.0,15.0,168.0,11.0,27.0,2.0,25.0,5.0,30.0,96.0,577.0,523.0,257.0,69.0,219.0,672.0,337.0,140.0,114.0,174.0,56.0,38.0,227.0,39.0,202.0,70.0,88.0,242.0,1.0,0.0,86.0,42.0,76.0,5.0,212.0,254.0,0.0,185.0,308.0,0.0,774.0,114.0,88.0,146.0,107.0
dnaE_1_10_B_MM10,2258.0,913.0,1239.0,469.0,1121.0,569.0,565.0,769.0,510.0,2835.0,535.0,647.0,349.0,255.0,1106.0,191.0,977.0,1874.0,238.0,174.0,197.0,47.0,3615.0,758.0,938.0,166.0,110.0,214.0,1307.0,0.0,221.0,69.0,153.0,97.0,1366.0,10.0,175.0,569.0,222.0,1207.0,489.0,409.0,88.0,953.0,130.0,884.0,212.0,13.0,609.0,48.0,158.0,47.0,489.0,798.0,88.0,831.0,5456.0,632.0,57.0,1444.0,1107.0,978.0,1871.0,77.0,12.0,1961.0,68.0,177.0,152.0,4.0,70.0,137.0,308.0,240.0,117.0,358.0,2336.0,9.0,1030.0,1639.0,0.0,956.0,31.0,458.0,877.0,252.0
dnaE_1_10_B_MM5,2531.0,2323.0,2543.0,512.0,2861.0,1751.0,766.0,954.0,1575.0,516.0,684.0,1350.0,1287.0,491.0,1424.0,2000.0,2035.0,2440.0,149.0,330.0,63.0,163.0,656.0,7168.0,3130.0,1010.0,165.0,35.0,539.0,49.0,104.0,206.0,1111.0,18.0,3609.0,137.0,1519.0,662.0,235.0,1484.0,491.0,412.0,64.0,794.0,176.0,283.0,286.0,142.0,462.0,57.0,38.0,802.0,2169.0,2045.0,650.0,925.0,6637.0,1866.0,89.0,924.0,2302.0,704.0,159.0,836.0,92.0,1153.0,431.0,318.0,279.0,102.0,78.0,321.0,576.0,309.0,482.0,478.0,1177.0,56.0,1575.0,851.0,0.0,1823.0,312.0,1562.0,1832.0,1892.0
dnaE_1_10_B_MM8,4242.0,3639.0,8496.0,1118.0,8110.0,4179.0,1839.0,3060.0,2783.0,3431.0,2377.0,1421.0,3270.0,1493.0,3382.0,3444.0,4164.0,8717.0,239.0,228.0,1474.0,347.0,1066.0,2862.0,27420.0,1112.0,545.0,331.0,2101.0,149.0,2102.0,825.0,1309.0,344.0,9717.0,96.0,2535.0,2398.0,801.0,1383.0,1464.0,1580.0,600.0,3962.0,174.0,774.0,926.0,281.0,530.0,485.0,555.0,1044.0,3549.0,4193.0,700.0,3165.0,12087.0,4197.0,1768.0,1761.0,6982.0,1502.0,811.0,1567.0,202.0,4496.0,938.0,542.0,893.0,308.0,221.0,937.0,1258.0,608.0,883.0,1815.0,3068.0,246.0,3287.0,4265.0,0.0,4870.0,1504.0,4178.0,6934.0,1798.0
dnaE_1_10_C,994.0,709.0,4125.0,196.0,1770.0,2067.0,507.0,1571.0,800.0,2121.0,1244.0,686.0,1064.0,1031.0,1360.0,479.0,1386.0,2646.0,80.0,126.0,503.0,163.0,416.0,1865.0,4871.0,5396.0,97.0,78.0,721.0,40.0,202.0,485.0,412.0,141.0,1890.0,72.0,503.0,1296.0,176.0,568.0,947.0,504.0,272.0,1082.0,159.0,514.0,48.0,155.0,179.0,158.0,53.0,1312.0,1243.0,1821.0,1249.0,651.0,3527.0,1031.0,737.0,1328.0,1039.0,705.0,119.0,84.0,255.0,1108.0,500.0,461.0,179.0,44.0,15.0,323.0,746.0,278.0,979.0,321.0,575.0,321.0,816.0,1608.0,0.0,2220.0,640.0,1874.0,1142.0,943.0
dnaX_1_33_B_MM3,408.0,112.0,399.0,55.0,281.0,156.0,49.0,183.0,145.0,123.0,130.0,105.0,47.0,236.0,183.0,312.0,255.0,193.0,88.0,10.0,35.0,6.0,44.0,269.0,377.0,159.0,735.0,87.0,173.0,2.0,60.0,19.0,218.0,38.0,235.0,131.0,12.0,231.0,65.0,139.0,12.0,40.0,119.0,18.0,87.0,71.0,20.0,70.0,31.0,24.0,21.0,14.0,329.0,216.0,30.0,115.0,189.0,201.0,39.0,80.0,448.0,111.0,51.0,103.0,46.0,172.0,88.0,59.0,179.0,1.0,24.0,23.0,138.0,152.0,6.0,151.0,422.0,22.0,39.0,120.0,0.0,359.0,432.0,191.0,56.0,85.0
dnaX_1_33_B_MM6,88.0,119.0,571.0,22.0,173.0,202.0,68.0,126.0,50.0,20.0,60.0,76.0,23.0,269.0,425.0,264.0,165.0,93.0,17.0,49.0,11.0,21.0,104.0,131.0,175.0,154.0,33.0,568.0,29.0,36.0,4.0,22.0,24.0,1.0,41.0,0.0,172.0,151.0,13.0,105.0,5.0,51.0,3.0,358.0,90.0,67.0,30.0,31.0,6.0,2.0,1.0,203.0,197.0,23.0,2.0,4.0,379.0,132.0,8.0,46.0,80.0,170.0,14.0,16.0,56.0,183.0,7.0,157.0,26.0,25.0,0.0,45.0,61.0,9.0,6.0,59.0,126.0,23.0,70.0,43.0,0.0,203.0,86.0,245.0,19.0,55.0
dnaX_1_33_B_MM9,2424.0,5722.0,11062.0,1152.0,1860.0,2912.0,2271.0,2293.0,1263.0,5643.0,341.0,1553.0,470.0,881.0,2070.0,5329.0,5729.0,7329.0,119.0,101.0,203.0,44.0,1102.0,424.0,850.0,419.0,119.0,221.0,18243.0,31.0,289.0,610.0,1315.0,540.0,6812.0,38.0,1068.0,2698.0,134.0,871.0,645.0,1567.0,116.0,3153.0,57.0,819.0,67.0,30.0,94.0,34.0,220.0,3531.0,5000.0,1674.0,1354.0,687.0,13941.0,1036.0,621.0,1244.0,2811.0,1010.0,517.0,617.0,93.0,3018.0,347.0,498.0,358.0,16.0,48.0,610.0,588.0,434.0,125.0,1002.0,3659.0,266.0,5803.0,5387.0,0.0,6186.0,2632.0,1320.0,4240.0,1131.0
dnaX_1_33_C,19.0,8.0,38.0,0.0,17.0,82.0,3.0,77.0,45.0,1.0,52.0,3.0,2.0,0.0,30.0,71.0,5.0,46.0,18.0,0.0,5.0,38.0,14.0,23.0,86.0,2.0,6.0,2.0,27.0,86.0,0.0,92.0,25.0,17.0,74.0,1.0,2.0,10.0,0.0,130.0,14.0,7.0,4.0,2.0,0.0,4.0,0.0,0.0,0.0,0.0,0.0,29.0,9.0,15.0,3.0,4.0,36.0,56.0,0.0,8.0,16.0,67.0,0.0,1.0,2.0,56.0,18.0,20.0,16.0,0.0,9.0,12.0,39.0,0.0,1.0,7.0,40.0,0.0,33.0,3.0,0.0,229.0,0.0,65.0,4.0,10.0
eno_3_219_B_MM10,1500.0,308.0,1841.0,158.0,187.0,2685.0,149.0,1549.0,500.0,1467.0,446.0,334.0,386.0,110.0,426.0,115.0,706.0,578.0,91.0,44.0,87.0,35.0,66.0,239.0,312.0,88.0,7.0,27.0,859.0,3.0,2088.0,107.0,852.0,31.0,384.0,41.0,224.0,370.0,14.0,71.0,258.0,276.0,38.0,283.0,81.0,501.0,1.0,71.0,96.0,38.0,24.0,21.0,281.0,626.0,30.0,322.0,5584.0,1362.0,97.0,509.0,168.0,143.0,201.0,452.0,15.0,1487.0,396.0,166.0,56.0,2.0,13.0,59.0,26.0,97.0,17.0,293.0,638.0,8.0,536.0,1523.0,0.0,958.0,53.0,167.0,1018.0,45.0
eno_3_219_B_MM5,539.0,294.0,1104.0,389.0,1423.0,641.0,142.0,685.0,918.0,148.0,56.0,444.0,140.0,176.0,427.0,741.0,160.0,449.0,8.0,8.0,197.0,31.0,13.0,108.0,153.0,31.0,13.0,40.0,293.0,1.0,111.0,2052.0,1049.0,31.0,619.0,5.0,221.0,468.0,167.0,170.0,40.0,208.0,214.0,79.0,74.0,184.0,39.0,36.0,8.0,14.0,9.0,21.0,498.0,103.0,224.0,126.0,1787.0,1568.0,513.0,269.0,635.0,117.0,25.0,73.0,5.0,280.0,476.0,185.0,90.0,0.0,1.0,17.0,223.0,97.0,619.0,213.0,656.0,21.0,213.0,358.0,0.0,568.0,54.0,294.0,865.0,62.0
eno_3_219_B_MM8,878.0,272.0,1339.0,372.0,1079.0,652.0,420.0,979.0,726.0,711.0,789.0,366.0,369.0,308.0,366.0,565.0,416.0,510.0,114.0,52.0,105.0,107.0,46.0,269.0,253.0,244.0,84.0,6.0,143.0,1.0,212.0,197.0,3299.0,379.0,131.0,19.0,551.0,312.0,52.0,348.0,284.0,177.0,151.0,275.0,93.0,431.0,107.0,120.0,20.0,49.0,38.0,139.0,438.0,304.0,133.0,163.0,2744.0,1523.0,953.0,672.0,554.0,44.0,39.0,179.0,105.0,236.0,91.0,221.0,88.0,127.0,53.0,248.0,386.0,53.0,284.0,73.0,748.0,103.0,515.0,974.0,0.0,861.0,83.0,295.0,3984.0,341.0
eno_3_219_C,272.0,114.0,573.0,158.0,341.0,180.0,132.0,837.0,851.0,69.0,72.0,49.0,239.0,193.0,117.0,378.0,43.0,1101.0,6.0,4.0,8.0,88.0,11.0,82.0,263.0,83.0,21.0,15.0,308.0,1.0,114.0,86.0,133.0,1175.0,291.0,238.0,137.0,88.0,6.0,80.0,134.0,216.0,6.0,53.0,184.0,261.0,17.0,82.0,6.0,5.0,4.0,25.0,409.0,100.0,210.0,154.0,1159.0,822.0,361.0,207.0,541.0,31.0,2.0,389.0,5.0,98.0,71.0,33.0,82.0,1.0,3.0,11.0,122.0,8.0,89.0,298.0,851.0,18.0,757.0,56.0,0.0,769.0,46.0,113.0,352.0,28.0
fake_negC_rand_42,6847.0,7406.0,2899.0,1798.0,3662.0,5344.0,4121.0,2330.0,1708.0,6754.0,1316.0,2346.0,4935.0,1159.0,876.0,4250.0,3858.0,7315.0,289.0,313.0,795.0,358.0,274.0,700.0,3160.0,1148.0,25.0,51.0,2886.0,32.0,168.0,306.0,464.0,467.0,18885.0,113.0,2209.0,1026.0,282.0,2075.0,579.0,3365.0,92.0,2305.0,247.0,1427.0,157.0,77.0,351.0,233.0,249.0,749.0,4172.0,3860.0,1441.0,1220.0,14288.0,1578.0,1719.0,2083.0,2743.0,924.0,96.0,1228.0,47.0,10830.0,1056.0,414.0,371.0,12.0,235.0,706.0,874.0,613.0,210.0,896.0,3251.0,238.0,2649.0,5770.0,0.0,7515.0,272.0,727.0,4065.0,766.0
fbaA_1_28_B_MM5,51.0,86.0,155.0,44.0,89.0,306.0,31.0,375.0,9.0,35.0,118.0,77.0,104.0,26.0,52.0,164.0,41.0,212.0,0.0,0.0,4.0,0.0,14.0,7.0,129.0,8.0,3.0,0.0,19.0,0.0,103.0,71.0,79.0,74.0,149.0,644.0,237.0,154.0,53.0,51.0,526.0,245.0,3.0,32.0,23.0,95.0,5.0,8.0,1.0,2.0,4.0,85.0,111.0,25.0,44.0,29.0,880.0,376.0,10.0,242.0,856.0,515.0,4.0,27.0,2.0,157.0,16.0,43.0,46.0,1.0,34.0,98.0,57.0,59.0,2.0,134.0,67.0,1.0,186.0,134.0,0.0,806.0,69.0,42.0,42.0,71.0
fbaA_1_28_B_MM7,1964.0,877.0,2063.0,613.0,988.0,704.0,381.0,761.0,334.0,597.0,1013.0,1403.0,2077.0,673.0,524.0,2093.0,2444.0,3310.0,110.0,268.0,204.0,112.0,23.0,325.0,981.0,92.0,145.0,8.0,755.0,21.0,212.0,275.0,743.0,44.0,2831.0,5.0,11331.0,1953.0,335.0,1079.0,317.0,1533.0,53.0,915.0,155.0,449.0,29.0,3.0,200.0,329.0,22.0,1140.0,3162.0,803.0,541.0,1035.0,2843.0,804.0,156.0,1333.0,2207.0,389.0,856.0,790.0,35.0,3351.0,220.0,361.0,282.0,3.0,8.0,191.0,423.0,26.0,32.0,83.0,2755.0,661.0,971.0,991.0,0.0,2397.0,1237.0,513.0,1748.0,224.0
fbaA_1_28_B_MM9,1956.0,2241.0,3702.0,753.0,2488.0,3376.0,1881.0,2418.0,996.0,755.0,113.0,892.0,3533.0,1195.0,1630.0,925.0,3434.0,4401.0,96.0,88.0,105.0,228.0,276.0,703.0,940.0,435.0,50.0,245.0,1165.0,30.0,66.0,363.0,256.0,70.0,3454.0,74.0,1511.0,9122.0,137.0,1841.0,784.0,2165.0,657.0,1512.0,158.0,1135.0,44.0,310.0,614.0,126.0,198.0,1627.0,2697.0,1301.0,270.0,986.0,6328.0,2012.0,462.0,1512.0,2292.0,1712.0,1561.0,1602.0,113.0,4511.0,646.0,322.0,376.0,138.0,197.0,211.0,577.0,359.0,22.0,1643.0,5498.0,86.0,4198.0,2540.0,0.0,1832.0,699.0,1945.0,3402.0,297.0
fbaA_1_28_C,338.0,174.0,203.0,496.0,567.0,281.0,221.0,289.0,523.0,40.0,60.0,128.0,238.0,52.0,72.0,315.0,116.0,102.0,94.0,18.0,8.0,47.0,45.0,112.0,167.0,44.0,143.0,92.0,92.0,0.0,7.0,155.0,511.0,11.0,1167.0,122.0,115.0,285.0,1560.0,97.0,24.0,106.0,88.0,178.0,24.0,68.0,1.0,5.0,175.0,2.0,11.0,12.0,273.0,193.0,85.0,32.0,794.0,634.0,224.0,515.0,152.0,114.0,35.0,24.0,92.0,139.0,79.0,240.0,187.0,6.0,112.0,163.0,263.0,2092.0,137.0,244.0,585.0,0.0,63.0,236.0,0.0,629.0,67.0,91.0,273.0,273.0
gapA_1_33_B_MM10,3191.0,683.0,5359.0,2222.0,4099.0,1820.0,760.0,1925.0,563.0,2029.0,1104.0,382.0,1019.0,417.0,860.0,3252.0,4396.0,2405.0,94.0,13.0,190.0,36.0,108.0,418.0,2285.0,404.0,33.0,3.0,512.0,18.0,336.0,87.0,254.0,113.0,979.0,610.0,514.0,1965.0,83.0,7395.0,545.0,554.0,72.0,1585.0,80.0,943.0,18.0,38.0,338.0,213.0,33.0,311.0,2397.0,1383.0,824.0,973.0,6630.0,988.0,847.0,704.0,2152.0,1063.0,45.0,205.0,20.0,2555.0,190.0,174.0,299.0,4.0,8.0,185.0,258.0,88.0,336.0,152.0,1926.0,59.0,1158.0,1401.0,0.0,3520.0,1634.0,423.0,1149.0,715.0
gapA_1_33_B_MM5,1015.0,517.0,1384.0,684.0,3292.0,2014.0,683.0,1128.0,198.0,2391.0,3091.0,477.0,629.0,452.0,542.0,1700.0,465.0,1172.0,29.0,9.0,131.0,117.0,83.0,490.0,640.0,374.0,19.0,11.0,272.0,7.0,47.0,77.0,348.0,15.0,3511.0,10.0,321.0,630.0,670.0,1287.0,4758.0,981.0,279.0,938.0,41.0,205.0,9.0,43.0,124.0,27.0,42.0,108.0,1117.0,752.0,304.0,402.0,3704.0,2260.0,492.0,696.0,1659.0,1497.0,183.0,516.0,10.0,1266.0,207.0,292.0,401.0,60.0,6.0,106.0,259.0,179.0,68.0,511.0,1936.0,45.0,967.0,1643.0,0.0,2779.0,241.0,877.0,985.0,277.0
gapA_1_33_B_MM8,2370.0,851.0,1292.0,1086.0,5198.0,2023.0,1494.0,3518.0,482.0,1559.0,382.0,575.0,1424.0,692.0,1444.0,911.0,1348.0,2079.0,85.0,52.0,170.0,130.0,152.0,420.0,564.0,519.0,44.0,12.0,406.0,30.0,41.0,327.0,508.0,125.0,1814.0,11.0,896.0,473.0,535.0,637.0,877.0,6142.0,307.0,814.0,52.0,964.0,26.0,322.0,33.0,366.0,219.0,1531.0,1530.0,1247.0,259.0,627.0,5380.0,945.0,882.0,584.0,1782.0,1478.0,310.0,374.0,94.0,2473.0,183.0,182.0,750.0,6.0,24.0,188.0,809.0,188.0,156.0,1369.0,2244.0,20.0,639.0,2042.0,0.0,3397.0,116.0,685.0,2057.0,1002.0
gapA_1_33_C,279.0,746.0,442.0,15.0,449.0,361.0,1226.0,686.0,70.0,209.0,47.0,1319.0,350.0,306.0,261.0,257.0,420.0,743.0,2.0,14.0,10.0,4.0,9.0,17.0,192.0,100.0,65.0,62.0,155.0,31.0,94.0,6.0,32.0,15.0,938.0,14.0,32.0,316.0,24.0,34.0,128.0,472.0,1658.0,260.0,48.0,244.0,10.0,51.0,60.0,172.0,15.0,33.0,490.0,317.0,102.0,47.0,1874.0,645.0,210.0,589.0,483.0,282.0,22.0,71.0,6.0,304.0,278.0,55.0,160.0,41.0,0.0,12.0,75.0,41.0,20.0,28.0,562.0,18.0,416.0,336.0,0.0,906.0,83.0,121.0,720.0,190.0
holB_3_220_B_MM10,4678.0,2974.0,4931.0,661.0,4481.0,2002.0,935.0,1027.0,1414.0,1456.0,2160.0,597.0,1705.0,824.0,1337.0,1644.0,2704.0,4686.0,45.0,59.0,98.0,113.0,150.0,434.0,1086.0,516.0,94.0,67.0,4528.0,31.0,705.0,268.0,567.0,58.0,3086.0,90.0,532.0,3686.0,66.0,750.0,539.0,568.0,91.0,13373.0,69.0,1271.0,67.0,90.0,438.0,1214.0,241.0,2347.0,3696.0,1202.0,244.0,379.0,8892.0,1134.0,716.0,384.0,1705.0,1290.0,2123.0,548.0,99.0,2685.0,368.0,181.0,316.0,60.0,43.0,367.0,877.0,422.0,330.0,720.0,3003.0,59.0,375.0,1258.0,0.0,2671.0,418.0,775.0,608.0,1385.0
holB_3_220_B_MM5,287.0,85.0,185.0,123.0,176.0,321.0,360.0,240.0,105.0,86.0,67.0,397.0,149.0,70.0,152.0,267.0,113.0,590.0,185.0,3.0,38.0,7.0,29.0,52.0,92.0,50.0,17.0,2.0,33.0,0.0,116.0,8.0,28.0,30.0,142.0,4.0,191.0,152.0,11.0,138.0,85.0,78.0,82.0,220.0,1003.0,166.0,22.0,17.0,3.0,10.0,76.0,22.0,260.0,148.0,51.0,158.0,618.0,327.0,102.0,213.0,654.0,159.0,47.0,51.0,23.0,170.0,40.0,98.0,41.0,40.0,41.0,62.0,57.0,83.0,95.0,461.0,189.0,16.0,99.0,332.0,0.0,896.0,25.0,104.0,138.0,134.0
holB_3_220_B_MM9,2427.0,421.0,1244.0,628.0,2074.0,2065.0,1199.0,1918.0,745.0,384.0,546.0,672.0,1120.0,312.0,612.0,786.0,840.0,2515.0,92.0,13.0,32.0,69.0,138.0,418.0,433.0,83.0,51.0,33.0,486.0,4.0,186.0,113.0,404.0,121.0,2470.0,116.0,526.0,595.0,124.0,779.0,517.0,225.0,231.0,1815.0,222.0,5973.0,78.0,38.0,24.0,92.0,60.0,484.0,1649.0,957.0,228.0,831.0,3211.0,2137.0,1608.0,1143.0,471.0,382.0,266.0,674.0,131.0,969.0,148.0,214.0,408.0,80.0,4.0,128.0,369.0,93.0,120.0,286.0,759.0,701.0,728.0,1728.0,0.0,2413.0,110.0,152.0,824.0,841.0
holB_3_220_C,117.0,179.0,183.0,34.0,114.0,240.0,215.0,264.0,197.0,89.0,38.0,74.0,50.0,39.0,235.0,101.0,44.0,287.0,27.0,56.0,3.0,20.0,1.0,64.0,96.0,57.0,27.0,33.0,26.0,1.0,3.0,4.0,97.0,10.0,317.0,6.0,11.0,438.0,3.0,139.0,8.0,182.0,3.0,178.0,89.0,107.0,689.0,39.0,1.0,3.0,3.0,11.0,62.0,162.0,49.0,31.0,749.0,169.0,61.0,252.0,58.0,84.0,7.0,101.0,41.0,132.0,58.0,54.0,65.0,1.0,2.0,29.0,148.0,45.0,19.0,107.0,194.0,64.0,100.0,60.0,0.0,266.0,64.0,297.0,323.0,12.0
ligA_1_82_B_MM5,530.0,453.0,405.0,136.0,294.0,273.0,224.0,151.0,321.0,53.0,184.0,242.0,20.0,198.0,136.0,187.0,222.0,80.0,38.0,22.0,8.0,6.0,154.0,42.0,147.0,29.0,2.0,15.0,37.0,22.0,176.0,25.0,160.0,47.0,199.0,25.0,29.0,211.0,2.0,88.0,78.0,38.0,8.0,222.0,110.0,24.0,17.0,710.0,114.0,48.0,3.0,217.0,110.0,375.0,130.0,66.0,210.0,472.0,66.0,161.0,100.0,17.0,20.0,55.0,11.0,311.0,40.0,144.0,17.0,0.0,4.0,77.0,157.0,214.0,6.0,125.0,485.0,4.0,932.0,384.0,0.0,409.0,118.0,346.0,102.0,37.0
ligA_1_82_B_MM7,472.0,1049.0,1164.0,156.0,1033.0,1013.0,343.0,372.0,399.0,507.0,286.0,293.0,297.0,56.0,296.0,495.0,454.0,899.0,33.0,14.0,31.0,21.0,132.0,133.0,747.0,313.0,7.0,4.0,592.0,9.0,15.0,10.0,169.0,24.0,1951.0,30.0,172.0,361.0,32.0,109.0,458.0,74.0,20.0,1111.0,120.0,319.0,17.0,27.0,1785.0,230.0,66.0,39.0,470.0,361.0,163.0,664.0,2253.0,726.0,89.0,435.0,1044.0,125.0,18.0,291.0,324.0,873.0,78.0,160.0,166.0,1.0,2.0,193.0,102.0,285.0,80.0,244.0,1048.0,27.0,694.0,718.0,0.0,1187.0,18.0,697.0,625.0,87.0
ligA_1_82_B_MM9,519.0,567.0,2452.0,59.0,1005.0,1265.0,212.0,245.0,289.0,580.0,472.0,187.0,646.0,393.0,144.0,707.0,482.0,852.0,82.0,20.0,208.0,3.0,7.0,91.0,639.0,67.0,16.0,2.0,141.0,0.0,24.0,372.0,198.0,38.0,278.0,6.0,183.0,347.0,26.0,130.0,351.0,515.0,75.0,822.0,6.0,110.0,5.0,126.0,43.0,1670.0,6.0,398.0,666.0,559.0,218.0,59.0,2354.0,348.0,37.0,332.0,124.0,85.0,20.0,188.0,6.0,700.0,96.0,14.0,105.0,1.0,21.0,154.0,607.0,14.0,165.0,267.0,297.0,5.0,1467.0,931.0,0.0,1685.0,136.0,435.0,205.0,319.0
ligA_1_82_C,233.0,177.0,435.0,301.0,293.0,388.0,57.0,158.0,505.0,81.0,58.0,136.0,322.0,13.0,175.0,175.0,69.0,1271.0,25.0,96.0,8.0,0.0,255.0,121.0,70.0,13.0,7.0,2.0,305.0,0.0,15.0,43.0,149.0,3.0,627.0,36.0,307.0,428.0,33.0,19.0,60.0,68.0,65.0,469.0,107.0,194.0,3.0,2.0,9.0,83.0,1176.0,159.0,66.0,307.0,515.0,81.0,433.0,211.0,30.0,470.0,182.0,74.0,13.0,66.0,2.0,347.0,58.0,44.0,41.0,2.0,3.0,33.0,117.0,69.0,6.0,97.0,1571.0,38.0,288.0,266.0,0.0,718.0,75.0,61.0,117.0,71.0
negC_rand_42,415.0,2618.0,6281.0,485.0,1357.0,2283.0,328.0,457.0,93.0,342.0,471.0,691.0,485.0,61.0,844.0,299.0,303.0,983.0,12.0,134.0,123.0,38.0,27.0,38.0,657.0,92.0,15.0,6.0,1069.0,7.0,29.0,183.0,69.0,13.0,1405.0,176.0,186.0,274.0,13.0,1201.0,852.0,1025.0,38.0,309.0,32.0,300.0,5.0,66.0,15.0,19.0,11.0,21039.0,181.0,739.0,68.0,433.0,2491.0,841.0,269.0,446.0,388.0,616.0,281.0,167.0,42.0,543.0,84.0,124.0,84.0,3.0,104.0,250.0,118.0,51.0,17.0,84.0,216.0,109.0,2265.0,2283.0,0.0,2059.0,300.0,105.0,497.0,241.0
parE_1_26_B_MM10,15249.0,3531.0,12871.0,1965.0,13080.0,4185.0,5138.0,7022.0,3181.0,10830.0,2156.0,2091.0,5295.0,2298.0,14241.0,5391.0,7074.0,9611.0,370.0,642.0,198.0,294.0,606.0,1901.0,4811.0,1213.0,385.0,153.0,7347.0,11.0,1444.0,655.0,1213.0,629.0,11705.0,207.0,3372.0,6393.0,389.0,2853.0,1167.0,3493.0,370.0,7735.0,500.0,3970.0,213.0,40.0,738.0,415.0,1012.0,2567.0,30956.0,7918.0,3285.0,4469.0,20400.0,2601.0,2784.0,2278.0,14178.0,4795.0,509.0,3332.0,508.0,8785.0,765.0,736.0,705.0,28.0,95.0,1072.0,1836.0,1078.0,547.0,1939.0,4380.0,457.0,4328.0,6723.0,0.0,10349.0,2994.0,4580.0,6458.0,3544.0
parE_1_26_B_MM5,6612.0,2979.0,6363.0,2855.0,3530.0,2954.0,3151.0,2313.0,2789.0,3500.0,2681.0,2768.0,4658.0,1242.0,2458.0,3518.0,3222.0,3762.0,170.0,180.0,258.0,369.0,241.0,1684.0,1971.0,1414.0,291.0,296.0,1798.0,1.0,373.0,938.0,1125.0,296.0,4295.0,281.0,1075.0,1227.0,425.0,1203.0,697.0,2027.0,1270.0,2377.0,816.0,764.0,362.0,47.0,392.0,59.0,541.0,580.0,2718.0,14871.0,2614.0,1631.0,9038.0,2172.0,1699.0,1906.0,3288.0,2697.0,1588.0,1929.0,348.0,3533.0,314.0,441.0,574.0,54.0,328.0,739.0,1084.0,285.0,223.0,1541.0,4185.0,294.0,3891.0,3840.0,0.0,7924.0,476.0,875.0,3550.0,1518.0
parE_1_26_B_MM8,1910.0,973.0,1805.0,719.0,1313.0,1719.0,327.0,3829.0,2375.0,488.0,551.0,961.0,1280.0,816.0,1004.0,2251.0,797.0,3975.0,77.0,175.0,26.0,11.0,413.0,593.0,1357.0,402.0,111.0,8.0,949.0,5.0,360.0,20.0,455.0,26.0,1923.0,6.0,360.0,1268.0,106.0,980.0,55.0,790.0,20.0,763.0,103.0,758.0,31.0,14.0,118.0,94.0,183.0,400.0,936.0,1260.0,5317.0,143.0,6925.0,236.0,428.0,384.0,1969.0,828.0,37.0,159.0,87.0,564.0,90.0,125.0,76.0,8.0,6.0,296.0,456.0,223.0,218.0,823.0,969.0,9.0,846.0,1453.0,0.0,2391.0,323.0,700.0,1449.0,473.0
parE_1_26_C,2324.0,1402.0,1785.0,2276.0,1298.0,1015.0,619.0,1642.0,1734.0,618.0,374.0,784.0,1713.0,778.0,788.0,1575.0,2460.0,2074.0,142.0,42.0,314.0,84.0,243.0,766.0,1476.0,266.0,12.0,187.0,341.0,20.0,101.0,161.0,517.0,880.0,2185.0,45.0,651.0,1583.0,122.0,1986.0,396.0,516.0,224.0,2439.0,251.0,596.0,62.0,20.0,366.0,226.0,412.0,665.0,2750.0,2372.0,831.0,4857.0,3481.0,843.0,1053.0,605.0,1375.0,719.0,205.0,1080.0,49.0,684.0,267.0,142.0,270.0,8.0,4.0,592.0,498.0,379.0,419.0,607.0,1438.0,15.0,821.0,962.0,0.0,3083.0,648.0,855.0,1578.0,1170.0
pfkA_1_43_B_MM10,19352.0,14233.0,39743.0,4155.0,15721.0,10227.0,9224.0,9981.0,6237.0,12662.0,10362.0,4815.0,19986.0,4763.0,12924.0,14467.0,18995.0,29211.0,578.0,636.0,1666.0,382.0,775.0,2080.0,6751.0,3344.0,400.0,488.0,12243.0,18.0,5047.0,1653.0,4197.0,975.0,18020.0,547.0,11677.0,6199.0,1179.0,5228.0,6030.0,9696.0,1980.0,12186.0,585.0,4754.0,486.0,718.0,747.0,1463.0,1086.0,2831.0,17483.0,10208.0,3875.0,4876.0,109653.0,7795.0,6860.0,5069.0,13950.0,4174.0,2248.0,8434.0,460.0,18213.0,2554.0,1020.0,1470.0,182.0,298.0,1031.0,2859.0,1568.0,1368.0,5841.0,10498.0,752.0,33043.0,11791.0,0.0,28947.0,5600.0,7093.0,9440.0,5605.0
pfkA_1_43_B_MM5,4086.0,1854.0,3101.0,808.0,3277.0,5581.0,1369.0,3635.0,1488.0,2001.0,1900.0,1299.0,2750.0,3625.0,4259.0,3412.0,2961.0,4094.0,226.0,368.0,777.0,341.0,242.0,983.0,2266.0,315.0,92.0,27.0,1718.0,31.0,522.0,660.0,2205.0,877.0,1978.0,468.0,3473.0,3112.0,1287.0,1161.0,564.0,1609.0,760.0,2885.0,461.0,1188.0,642.0,164.0,56.0,43.0,64.0,902.0,1839.0,1534.0,318.0,1543.0,8999.0,15606.0,1716.0,1528.0,2819.0,661.0,179.0,1493.0,170.0,3481.0,538.0,601.0,1296.0,297.0,270.0,418.0,1158.0,910.0,526.0,2610.0,3698.0,453.0,4222.0,4912.0,0.0,6348.0,94.0,1023.0,2175.0,1011.0
pfkA_1_43_B_MM9,1925.0,166.0,2569.0,327.0,671.0,402.0,824.0,381.0,663.0,1542.0,349.0,134.0,1293.0,704.0,252.0,2217.0,1132.0,1052.0,41.0,28.0,32.0,53.0,75.0,597.0,762.0,183.0,138.0,58.0,738.0,2.0,40.0,530.0,618.0,43.0,1332.0,52.0,92.0,347.0,407.0,1028.0,88.0,362.0,547.0,500.0,26.0,357.0,139.0,92.0,174.0,216.0,8.0,839.0,760.0,817.0,62.0,648.0,4341.0,501.0,5684.0,316.0,570.0,4160.0,31.0,156.0,173.0,1118.0,216.0,95.0,164.0,50.0,20.0,161.0,434.0,593.0,34.0,133.0,865.0,146.0,1712.0,679.0,0.0,956.0,190.0,400.0,700.0,59.0
pfkA_1_43_C,3182.0,1285.0,2381.0,502.0,1991.0,3073.0,2214.0,2297.0,1070.0,1435.0,1170.0,1125.0,1944.0,1522.0,1161.0,1359.0,1818.0,1482.0,249.0,153.0,993.0,199.0,162.0,503.0,1032.0,365.0,31.0,91.0,205.0,3.0,161.0,582.0,1907.0,385.0,1954.0,208.0,1522.0,1750.0,873.0,664.0,1124.0,1107.0,416.0,1994.0,194.0,876.0,52.0,273.0,209.0,272.0,137.0,1732.0,1330.0,1216.0,1004.0,996.0,4894.0,2118.0,1011.0,8726.0,1350.0,784.0,518.0,580.0,98.0,924.0,155.0,541.0,235.0,111.0,297.0,534.0,468.0,1153.0,537.0,418.0,1666.0,225.0,1630.0,1341.0,0.0,4933.0,455.0,295.0,1338.0,475.0
pgi_3_279_B_MM10,8424.0,2074.0,9958.0,1335.0,6853.0,4674.0,3787.0,2680.0,2491.0,6817.0,415.0,1559.0,1395.0,1649.0,3466.0,3421.0,1513.0,9140.0,233.0,130.0,188.0,213.0,538.0,977.0,2220.0,936.0,227.0,30.0,2625.0,14.0,877.0,440.0,1365.0,638.0,4797.0,602.0,4069.0,10847.0,189.0,3682.0,1162.0,899.0,216.0,3390.0,305.0,1297.0,232.0,224.0,531.0,277.0,722.0,834.0,14502.0,3872.0,3639.0,859.0,14918.0,5357.0,1443.0,1933.0,19633.0,1294.0,445.0,1001.0,426.0,8551.0,218.0,271.0,805.0,101.0,289.0,772.0,302.0,192.0,142.0,1522.0,3671.0,458.0,2080.0,4756.0,0.0,12933.0,1109.0,413.0,2848.0,870.0
pgi_3_279_B_MM5,2294.0,1879.0,10467.0,149.0,4064.0,6531.0,482.0,2058.0,810.0,4399.0,230.0,1666.0,1520.0,1936.0,2419.0,633.0,1961.0,6207.0,83.0,181.0,1367.0,70.0,1172.0,384.0,1231.0,167.0,42.0,36.0,1282.0,2.0,549.0,717.0,315.0,49.0,2915.0,89.0,1271.0,998.0,77.0,1673.0,149.0,1025.0,1381.0,1040.0,319.0,1248.0,139.0,28.0,309.0,108.0,104.0,155.0,5372.0,3841.0,808.0,259.0,8355.0,1713.0,1433.0,944.0,3958.0,10229.0,308.0,939.0,108.0,2676.0,503.0,240.0,453.0,9.0,134.0,490.0,566.0,904.0,257.0,870.0,3737.0,406.0,1802.0,4231.0,0.0,6156.0,240.0,1873.0,2693.0,1500.0
pgi_3_279_B_MM8,283.0,1343.0,2557.0,249.0,617.0,282.0,63.0,230.0,96.0,1624.0,50.0,2543.0,85.0,45.0,1249.0,345.0,917.0,302.0,30.0,61.0,287.0,24.0,132.0,176.0,711.0,439.0,7.0,5.0,1298.0,0.0,254.0,40.0,23.0,13.0,593.0,12.0,522.0,2305.0,17.0,56.0,46.0,105.0,277.0,996.0,22.0,49.0,26.0,6.0,328.0,13.0,4.0,399.0,626.0,171.0,144.0,306.0,3071.0,944.0,42.0,995.0,1883.0,28.0,2436.0,26.0,61.0,1848.0,191.0,65.0,114.0,3.0,79.0,81.0,216.0,113.0,42.0,536.0,109.0,6.0,354.0,99.0,0.0,2498.0,39.0,870.0,166.0,921.0
pgi_3_279_C,2963.0,4498.0,3905.0,532.0,1504.0,2869.0,1364.0,1920.0,489.0,2785.0,1010.0,2024.0,980.0,1698.0,1291.0,2294.0,2705.0,3373.0,254.0,103.0,111.0,165.0,56.0,747.0,1238.0,220.0,148.0,62.0,624.0,15.0,540.0,440.0,240.0,87.0,4936.0,88.0,1390.0,2472.0,342.0,1206.0,587.0,1606.0,59.0,2513.0,181.0,1668.0,30.0,73.0,733.0,428.0,20.0,479.0,598.0,4640.0,1272.0,637.0,6393.0,2556.0,687.0,596.0,1820.0,793.0,1608.0,7816.0,78.0,3319.0,411.0,327.0,416.0,270.0,17.0,184.0,1126.0,308.0,264.0,518.0,1373.0,23.0,2659.0,1388.0,0.0,5089.0,571.0,1918.0,856.0,672.0
purD_1_47_C,141.0,81.0,487.0,97.0,74.0,172.0,159.0,375.0,44.0,70.0,101.0,50.0,42.0,53.0,199.0,231.0,115.0,234.0,90.0,10.0,4.0,24.0,45.0,213.0,277.0,64.0,137.0,1.0,148.0,2.0,68.0,32.0,110.0,43.0,454.0,3.0,64.0,24.0,22.0,60.0,106.0,131.0,17.0,61.0,3.0,237.0,4.0,3.0,34.0,4.0,38.0,165.0,170.0,157.0,25.0,90.0,434.0,560.0,7.0,232.0,436.0,263.0,88.0,71.0,1013.0,2115.0,333.0,402.0,172.0,0.0,1.0,287.0,16.0,110.0,79.0,31.0,367.0,14.0,34.0,264.0,0.0,390.0,8.0,147.0,366.0,153.0
purD_1_47_MM10,5581.0,3611.0,17418.0,1085.0,9446.0,3285.0,3565.0,2342.0,1388.0,10524.0,1587.0,4376.0,3543.0,1370.0,5548.0,2366.0,8050.0,10279.0,153.0,375.0,517.0,196.0,610.0,993.0,2782.0,481.0,279.0,80.0,8409.0,4.0,673.0,972.0,692.0,153.0,5773.0,98.0,4204.0,3617.0,157.0,3228.0,1878.0,1090.0,1221.0,3952.0,387.0,1110.0,155.0,179.0,169.0,142.0,169.0,2964.0,6080.0,3864.0,762.0,989.0,23161.0,2760.0,1648.0,1786.0,4545.0,5227.0,574.0,1430.0,143.0,28356.0,460.0,473.0,327.0,43.0,26.0,330.0,1492.0,587.0,231.0,2271.0,2705.0,206.0,7816.0,6167.0,0.0,3591.0,3543.0,3582.0,4592.0,2617.0
purD_1_47_MM4,271.0,359.0,301.0,31.0,137.0,136.0,284.0,403.0,443.0,148.0,84.0,295.0,239.0,414.0,231.0,305.0,178.0,318.0,30.0,93.0,70.0,65.0,168.0,194.0,188.0,43.0,180.0,43.0,229.0,22.0,12.0,126.0,317.0,66.0,592.0,67.0,64.0,379.0,43.0,441.0,130.0,118.0,178.0,239.0,43.0,248.0,13.0,2.0,78.0,3.0,9.0,87.0,463.0,286.0,85.0,94.0,623.0,220.0,81.0,277.0,370.0,346.0,14.0,245.0,243.0,345.0,2323.0,286.0,452.0,12.0,8.0,85.0,441.0,239.0,47.0,102.0,416.0,94.0,266.0,271.0,0.0,310.0,174.0,385.0,705.0,591.0
purD_1_47_MM6,526.0,225.0,1373.0,168.0,563.0,528.0,266.0,399.0,458.0,179.0,199.0,171.0,248.0,198.0,472.0,250.0,291.0,721.0,115.0,190.0,164.0,59.0,294.0,172.0,256.0,114.0,56.0,38.0,202.0,44.0,87.0,355.0,183.0,125.0,1894.0,65.0,218.0,173.0,63.0,156.0,235.0,400.0,80.0,340.0,227.0,223.0,55.0,15.0,57.0,8.0,36.0,95.0,360.0,674.0,121.0,233.0,953.0,543.0,334.0,301.0,734.0,405.0,64.0,237.0,326.0,694.0,107.0,2403.0,242.0,44.0,31.0,229.0,112.0,109.0,79.0,141.0,388.0,34.0,606.0,487.0,0.0,775.0,603.0,422.0,753.0,837.0
purD_1_47_MM8,361.0,239.0,686.0,101.0,403.0,527.0,306.0,539.0,149.0,359.0,255.0,193.0,253.0,147.0,204.0,166.0,137.0,471.0,50.0,114.0,18.0,118.0,43.0,76.0,365.0,67.0,49.0,3.0,159.0,6.0,115.0,104.0,445.0,79.0,864.0,12.0,107.0,242.0,162.0,78.0,239.0,119.0,48.0,283.0,76.0,173.0,15.0,22.0,4.0,7.0,5.0,235.0,458.0,785.0,220.0,415.0,2230.0,230.0,33.0,368.0,843.0,300.0,20.0,185.0,175.0,594.0,367.0,237.0,1984.0,1.0,25.0,210.0,236.0,106.0,16.0,95.0,580.0,116.0,438.0,147.0,0.0,608.0,158.0,1113.0,957.0,597.0
purF_1_23_C,26.0,22.0,703.0,96.0,36.0,20.0,12.0,6.0,15.0,171.0,4.0,16.0,5.0,3.0,7.0,68.0,48.0,34.0,1.0,15.0,0.0,1.0,2.0,37.0,185.0,15.0,0.0,38.0,11.0,1.0,2.0,2.0,4.0,11.0,18.0,0.0,4.0,260.0,42.0,51.0,5.0,4.0,16.0,41.0,1.0,23.0,1.0,11.0,1.0,26.0,22.0,4.0,99.0,12.0,58.0,79.0,838.0,35.0,11.0,58.0,299.0,10.0,1.0,8.0,20.0,161.0,18.0,51.0,42.0,266.0,64.0,3.0,179.0,14.0,131.0,7.0,12.0,107.0,19.0,10.0,0.0,87.0,132.0,7.0,95.0,22.0
purF_1_23_MM10,48.0,59.0,538.0,11.0,40.0,162.0,39.0,123.0,14.0,126.0,16.0,9.0,117.0,67.0,24.0,31.0,229.0,615.0,15.0,42.0,95.0,24.0,1.0,33.0,131.0,5.0,16.0,0.0,78.0,2.0,93.0,31.0,581.0,27.0,35.0,69.0,97.0,321.0,9.0,169.0,26.0,14.0,8.0,25.0,13.0,46.0,20.0,3.0,43.0,3.0,7.0,13.0,410.0,223.0,12.0,246.0,344.0,531.0,44.0,479.0,240.0,54.0,2.0,12.0,22.0,33.0,2.0,15.0,8.0,2.0,575.0,323.0,53.0,61.0,1.0,126.0,26.0,319.0,405.0,242.0,0.0,258.0,40.0,636.0,185.0,9.0
purF_1_23_MM4,940.0,258.0,876.0,588.0,854.0,315.0,657.0,1038.0,353.0,279.0,414.0,627.0,275.0,228.0,313.0,251.0,487.0,799.0,35.0,134.0,74.0,82.0,162.0,269.0,250.0,174.0,7.0,124.0,517.0,10.0,56.0,90.0,347.0,187.0,1609.0,11.0,254.0,389.0,220.0,333.0,309.0,359.0,192.0,691.0,35.0,704.0,99.0,47.0,112.0,51.0,31.0,225.0,1818.0,325.0,94.0,516.0,1327.0,1364.0,619.0,579.0,904.0,144.0,304.0,906.0,55.0,466.0,153.0,590.0,199.0,0.0,38.0,2401.0,374.0,535.0,91.0,185.0,1977.0,243.0,968.0,344.0,0.0,960.0,32.0,280.0,716.0,324.0
purF_1_23_MM6,852.0,689.0,2429.0,930.0,8067.0,886.0,884.0,1761.0,1419.0,624.0,566.0,451.0,1039.0,505.0,634.0,677.0,141.0,595.0,88.0,255.0,168.0,148.0,120.0,377.0,333.0,142.0,45.0,30.0,776.0,46.0,348.0,101.0,984.0,83.0,3917.0,114.0,295.0,981.0,388.0,338.0,432.0,373.0,336.0,786.0,152.0,1064.0,59.0,79.0,123.0,345.0,344.0,491.0,2421.0,1113.0,119.0,472.0,3042.0,1116.0,352.0,492.0,1382.0,2462.0,91.0,226.0,185.0,870.0,138.0,418.0,460.0,8.0,140.0,505.0,4625.0,225.0,281.0,426.0,2112.0,419.0,808.0,497.0,0.0,2288.0,590.0,425.0,780.0,394.0
purF_1_23_MM8,850.0,283.0,1829.0,662.0,422.0,734.0,500.0,1204.0,550.0,681.0,915.0,464.0,827.0,196.0,366.0,415.0,415.0,634.0,124.0,130.0,90.0,240.0,69.0,268.0,300.0,67.0,25.0,5.0,333.0,36.0,123.0,120.0,392.0,256.0,680.0,178.0,537.0,859.0,154.0,560.0,281.0,438.0,116.0,647.0,6.0,413.0,85.0,33.0,210.0,7.0,41.0,251.0,1238.0,1091.0,432.0,613.0,2227.0,1871.0,981.0,608.0,1208.0,836.0,19.0,538.0,40.0,661.0,223.0,79.0,185.0,5.0,14.0,233.0,830.0,2481.0,308.0,1490.0,1278.0,45.0,448.0,325.0,0.0,1759.0,209.0,660.0,839.0,774.0
purL_1_25_B_MM3,408.0,35.0,269.0,444.0,551.0,78.0,31.0,210.0,407.0,428.0,277.0,381.0,106.0,84.0,58.0,510.0,113.0,337.0,100.0,275.0,3.0,57.0,13.0,393.0,292.0,81.0,58.0,9.0,594.0,0.0,123.0,4.0,256.0,90.0,98.0,162.0,24.0,51.0,47.0,187.0,137.0,192.0,58.0,505.0,10.0,31.0,22.0,1.0,3.0,23.0,82.0,14.0,799.0,174.0,68.0,29.0,641.0,913.0,55.0,222.0,286.0,25.0,37.0,66.0,43.0,235.0,12.0,169.0,47.0,19.0,1.0,113.0,113.0,110.0,1276.0,74.0,1765.0,3.0,64.0,104.0,0.0,411.0,83.0,557.0,147.0,591.0
purL_1_25_B_MM8,1239.0,2340.0,1740.0,272.0,2464.0,1574.0,2291.0,1185.0,712.0,143.0,763.0,346.0,2266.0,174.0,1116.0,758.0,696.0,2346.0,124.0,177.0,200.0,44.0,234.0,769.0,846.0,78.0,114.0,16.0,1225.0,15.0,613.0,228.0,1645.0,50.0,1927.0,113.0,555.0,1255.0,389.0,1117.0,569.0,187.0,29.0,692.0,30.0,858.0,23.0,10.0,123.0,29.0,166.0,51.0,802.0,853.0,1174.0,262.0,4860.0,558.0,460.0,437.0,2840.0,713.0,848.0,930.0,48.0,379.0,665.0,94.0,237.0,134.0,92.0,187.0,322.0,272.0,132.0,5791.0,1129.0,170.0,369.0,336.0,0.0,1817.0,54.0,471.0,2028.0,528.0
purL_1_25_B_MM9,4536.0,3216.0,3084.0,1231.0,5844.0,1173.0,2462.0,2786.0,2154.0,3038.0,2515.0,2078.0,4468.0,258.0,2316.0,767.0,2337.0,5113.0,300.0,69.0,113.0,57.0,852.0,1086.0,1091.0,371.0,37.0,45.0,957.0,2.0,1242.0,279.0,1583.0,223.0,2219.0,95.0,1051.0,1191.0,517.0,1692.0,116.0,2093.0,444.0,1300.0,383.0,1145.0,83.0,533.0,108.0,129.0,194.0,227.0,1878.0,2568.0,220.0,1866.0,4973.0,1635.0,2143.0,367.0,957.0,1386.0,238.0,298.0,126.0,2859.0,662.0,360.0,689.0,3.0,105.0,1773.0,487.0,445.0,1394.0,197.0,15054.0,35.0,2419.0,2018.0,0.0,3319.0,127.0,2187.0,1035.0,808.0
purL_1_25_C,529.0,422.0,1371.0,25.0,256.0,1186.0,78.0,710.0,355.0,673.0,106.0,716.0,766.0,311.0,313.0,114.0,276.0,107.0,160.0,22.0,123.0,38.0,218.0,121.0,333.0,122.0,7.0,36.0,90.0,11.0,40.0,263.0,331.0,6.0,794.0,21.0,28.0,560.0,225.0,117.0,51.0,619.0,243.0,282.0,115.0,41.0,4.0,32.0,61.0,63.0,132.0,32.0,1300.0,526.0,292.0,31.0,1475.0,735.0,27.0,524.0,188.0,81.0,12.0,184.0,22.0,451.0,57.0,91.0,315.0,1.0,3.0,317.0,178.0,211.0,478.0,22.0,220.0,1687.0,469.0,1082.0,0.0,783.0,30.0,414.0,958.0,355.0
purN_3_238_B_MM10,4075.0,3880.0,4983.0,349.0,9717.0,7167.0,5638.0,3687.0,789.0,5661.0,2775.0,2183.0,1626.0,1499.0,5567.0,2227.0,3086.0,8086.0,218.0,427.0,1087.0,262.0,575.0,481.0,2495.0,1543.0,136.0,193.0,4599.0,52.0,148.0,545.0,1347.0,709.0,4218.0,114.0,2400.0,7474.0,162.0,4368.0,779.0,1604.0,485.0,5409.0,267.0,2250.0,242.0,36.0,743.0,836.0,38.0,1916.0,2957.0,3001.0,158.0,1338.0,14046.0,1480.0,1245.0,1810.0,5513.0,539.0,1061.0,3001.0,322.0,3664.0,313.0,332.0,261.0,16.0,19.0,517.0,665.0,242.0,430.0,2195.0,2963.0,96.0,20412.0,1126.0,0.0,7396.0,3616.0,1856.0,3163.0,2799.0
purN_3_238_B_MM5,6843.0,2217.0,6072.0,4315.0,4396.0,5802.0,4528.0,5209.0,1197.0,1637.0,732.0,3626.0,13870.0,1941.0,9316.0,3784.0,5292.0,9999.0,169.0,378.0,1136.0,460.0,86.0,1155.0,5335.0,1029.0,211.0,139.0,5282.0,57.0,2869.0,472.0,1149.0,115.0,5564.0,66.0,4535.0,10848.0,190.0,3925.0,1507.0,2886.0,879.0,1050.0,696.0,4914.0,255.0,137.0,477.0,217.0,205.0,2123.0,5321.0,1662.0,3096.0,2908.0,29466.0,3967.0,860.0,2291.0,7715.0,1789.0,193.0,380.0,382.0,5068.0,1000.0,640.0,600.0,169.0,724.0,516.0,1550.0,622.0,651.0,1936.0,7817.0,279.0,3722.0,23778.0,0.0,8802.0,2224.0,3911.0,6642.0,678.0
purN_3_238_B_MM8,0.0,0.0,0.0,0.0,0.0,0.0,0.0,0.0,0.0,0.0,0.0,0.0,0.0,0.0,0.0,0.0,0.0,0.0,0.0,0.0,0.0,0.0,0.0,0.0,0.0,0.0,0.0,0.0,0.0,0.0,0.0,0.0,0.0,0.0,0.0,0.0,0.0,0.0,0.0,0.0,0.0,0.0,0.0,0.0,0.0,0.0,0.0,0.0,0.0,0.0,0.0,0.0,0.0,0.0,0.0,0.0,0.0,0.0,0.0,0.0,0.0,0.0,0.0,0.0,0.0,0.0,0.0,0.0,0.0,0.0,0.0,0.0,0.0,0.0,0.0,0.0,0.0,0.0,0.0,0.0,0.0,0.0,0.0,0.0,0.0,0.0
purN_3_238_C,6324.0,5473.0,8445.0,1099.0,14298.0,7388.0,6099.0,6667.0,4732.0,5051.0,8911.0,6779.0,4685.0,1024.0,5555.0,3832.0,2428.0,11073.0,551.0,515.0,576.0,565.0,1175.0,1404.0,1592.0,643.0,212.0,50.0,2571.0,49.0,600.0,870.0,1146.0,1137.0,8330.0,829.0,3119.0,2624.0,874.0,5265.0,3854.0,6557.0,462.0,6178.0,1571.0,4529.0,76.0,319.0,454.0,1483.0,788.0,3232.0,10333.0,6267.0,2693.0,1939.0,20095.0,4611.0,2094.0,3949.0,6494.0,3150.0,581.0,2223.0,169.0,5482.0,238.0,555.0,502.0,45.0,615.0,1327.0,1134.0,1091.0,1191.0,3403.0,7336.0,553.0,4921.0,12217.0,0.0,44596.0,1323.0,5138.0,8181.0,6474.0
tpiA_1_45_B_MM10,2129.0,1273.0,1416.0,392.0,2427.0,788.0,172.0,1265.0,1351.0,698.0,1610.0,297.0,669.0,113.0,1708.0,545.0,2956.0,5865.0,17.0,70.0,67.0,117.0,424.0,302.0,1261.0,54.0,149.0,29.0,4695.0,1.0,43.0,55.0,123.0,86.0,1747.0,73.0,2671.0,540.0,106.0,1759.0,133.0,806.0,22.0,754.0,205.0,586.0,56.0,19.0,95.0,75.0,19.0,91.0,421.0,964.0,65.0,884.0,7719.0,1924.0,57.0,382.0,2785.0,271.0,127.0,800.0,51.0,4011.0,42.0,145.0,71.0,7.0,41.0,519.0,605.0,58.0,775.0,174.0,192.0,36.0,1543.0,432.0,0.0,3018.0,6081.0,155.0,667.0,1002.0
tpiA_1_45_B_MM4,2895.0,2730.0,2597.0,846.0,800.0,2222.0,1004.0,4582.0,494.0,1030.0,1856.0,2320.0,562.0,1467.0,1604.0,3354.0,1309.0,4033.0,163.0,364.0,350.0,221.0,380.0,969.0,1389.0,833.0,173.0,434.0,1073.0,19.0,118.0,335.0,919.0,110.0,1915.0,175.0,2741.0,1816.0,154.0,2427.0,364.0,1602.0,1176.0,2900.0,337.0,421.0,297.0,18.0,285.0,47.0,337.0,782.0,4972.0,1724.0,551.0,1035.0,6821.0,2223.0,879.0,939.0,3135.0,1340.0,744.0,593.0,556.0,3090.0,745.0,421.0,505.0,121.0,102.0,1130.0,1052.0,240.0,780.0,1360.0,4024.0,723.0,1240.0,1583.0,0.0,5690.0,311.0,8561.0,3026.0,1591.0
tpiA_1_45_B_MM7,3417.0,2319.0,4207.0,417.0,3813.0,4296.0,1369.0,4269.0,3269.0,4583.0,1558.0,2433.0,3948.0,2065.0,2322.0,4318.0,2863.0,3252.0,169.0,208.0,325.0,193.0,669.0,603.0,2388.0,1342.0,287.0,103.0,2322.0,50.0,68.0,1186.0,1442.0,343.0,3985.0,161.0,1038.0,3386.0,564.0,1592.0,1200.0,2319.0,493.0,2956.0,773.0,1698.0,649.0,284.0,181.0,232.0,120.0,349.0,2332.0,1624.0,1139.0,756.0,13098.0,1986.0,690.0,2438.0,4920.0,2248.0,364.0,739.0,217.0,2177.0,658.0,604.0,619.0,71.0,26.0,670.0,840.0,637.0,684.0,1063.0,3282.0,83.0,1330.0,2729.0,0.0,8781.0,2394.0,1139.0,15430.0,1589.0
tpiA_1_45_C,1573.0,654.0,1576.0,535.0,781.0,2316.0,1161.0,1193.0,1657.0,563.0,984.0,889.0,321.0,448.0,455.0,931.0,1757.0,901.0,88.0,188.0,605.0,283.0,24.0,604.0,900.0,638.0,7.0,2.0,795.0,55.0,119.0,93.0,714.0,270.0,247.0,125.0,691.0,1576.0,105.0,1131.0,1744.0,475.0,177.0,781.0,274.0,495.0,89.0,69.0,27.0,81.0,299.0,579.0,1389.0,910.0,1426.0,306.0,2117.0,2060.0,211.0,427.0,1122.0,1981.0,298.0,579.0,121.0,1696.0,328.0,489.0,507.0,79.0,7.0,664.0,543.0,308.0,94.0,175.0,2613.0,25.0,1281.0,820.0,0.0,3824.0,241.0,1880.0,2075.0,4655.0
